name,location,opening_time,closing_time,price_adult_foreign,price_student_foreign,reservation_link,description,url
متحف تل بسطا,"الشرقية
منطقة آثار تل بسطا، الزقازيق",9 ص,6 م صيفّا، من 9 ص,N/A,N/A,None,"يُعد متحف تل بسطا متحف موقع يحتضن الكنوز الأثرية الموجودة بمحافظة الشرقية وعرضها للزائرين لرفع الوعي الأثري لديهم. بدأت فكرة إنشاء المتحف عام 2006، لكن جميع الأعمال توقفت به عام 2010، واستؤنفت مرة أخرى عام 2017 حتى تم افتتاحه عام 2018.
يتكون المتحف من طابق واحد يعرض مجموعة رائعة من تماثيل المعبودات المصرية القديمة، من أهمها تمثال المعبودة باستت والتي كانت المعبودة الرئيسية للمنطقة، أدوات الحياة اليومية والزينة، وتماثيل التراكوتا المصنوعة من الطينة المحلية والتي اشتهرت في العصرين اليوناني والروماني، فضلاً عن مجموعة من العملات والحلي وأدوات الإضاءة كالمسارج وأدوات الزينة التي تعكس مظاهر الحياة اليومية في مصر عبر العصور المختلفة.",https://mota.gov.eg/ar/%D8%A7%D9%84%D8%A2%D8%AB%D8%A7%D8%B1-%D9%88%D8%A7%D9%84%D9%85%D8%AA%D8%A7%D8%AD%D9%81/%D8%A7%D9%84%D9%85%D8%AC%D9%84%D8%B3-%D8%A7%D9%84%D8%A3%D8%B9%D9%84%D9%89-%D9%84%D9%84%D8%A2%D8%AB%D8%A7%D8%B1/%D8%AF%D9%84%D9%8A%D9%84-%D9%85%D8%AA%D8%A7%D8%AD%D9%81-%D8%A7%D9%84%D8%A2%D8%AB%D8%A7%D8%B1-%D8%A7%D9%84%D9%85%D9%81%D8%AA%D9%88%D8%AD%D8%A9-%D9%84%D9%84%D8%B2%D9%8A%D8%A7%D8%B1%D8%A9-%D8%AC%D8%AF%D9%8A%D8%AF/%D9%85%D8%AA%D8%AD%D9%81-%D8%AA%D9%84-%D8%A8%D8%B3%D8%B7%D8%A7/
المتحف المصري بالتحرير,"القاهرة
شارع مارييت، ميدان التحرير",9 ص,5 م,EGP 550,EGP 275,https://egymonuments.com/details/EgyptianMuseum,"يُعد المتحف المصري بالتحرير أحد المعالم التاريخية والسياحية بالقاهرة، فهو أقدم متحف أثري في الشرق الأوسط، وأول مبنى ينشأ في العالم ليكون متحفاً. بدأت فكرة إنشائه عام 1895، حين فاز المعماري الفرنسي مارسيل دورنيو بالمسابقة الدولية التي تم إقامتها لتصميم مبنى المتحف، وافتتحه الخديوي عباس حلمي الثاني عام 1902. وفي أبريل 2021، كان المتحف محط أنظار العالم حين ودع 22 مومياء ملكية لتُنقل إلى مكان عرضها الدائم بالمتحف القومي للحضارة المصرية بالفسطاط في موكب مهيب.
يتسم تصميم مبنى المتحف بالطابع الكلاسيكي الحديث، ويتكون من طابقين يضمان مجموعات متميزة من الآثار المصرية تمتد من فترة ما قبل الأسرات وحتى العصرين اليوناني والروماني، من بينها لوحة الملك نعرمر التي تُخلد توحيد مصر العليا والسفلى تحت حكم ملك واحد، ومجموعة من التماثيل والقطع الأثرية لملوك عصر بناة الأهرامات، والمجموعة الجنائزية ليويا وتويا الملك جدي الملك إخناتون، وكنوز تانيس، بالإضافة إلى مجموعة كبيرة من مومياوات الحيوانات، وورق البردي والتوابيت والحلي من مختلف العصور المصرية، وغيرها من القطع الأثرية التي تُكمل المجموعة المميزة لهذا المتحف.
ويتم حالياً تنفيذ مشروع تطوير المتحف المصري بالتحرير من خلال اللجنة العلمية المصرية، وأمناء المتحف، بمنحة من الاتحاد الأوروبي بالتعاون مع خمسة متاحف أوروبية وهي اللوفر بباريس، المصري بتورين، القومي للآثار بلايدن، المصري ببرلين، البريطاني بلندن. ويعزز المتحف التفاعل مع زواره وتعريفهم بكل ما هو جديد من أخبار وفعاليات وأنشطة ثقافية وعلمية، وورش عمل عبر موقعه الرسمي على شبكة الإنترنت.",https://mota.gov.eg/ar/%D8%A7%D9%84%D8%A2%D8%AB%D8%A7%D8%B1-%D9%88%D8%A7%D9%84%D9%85%D8%AA%D8%A7%D8%AD%D9%81/%D8%A7%D9%84%D9%85%D8%AC%D9%84%D8%B3-%D8%A7%D9%84%D8%A3%D8%B9%D9%84%D9%89-%D9%84%D9%84%D8%A2%D8%AB%D8%A7%D8%B1/%D8%AF%D9%84%D9%8A%D9%84-%D9%85%D8%AA%D8%A7%D8%AD%D9%81-%D8%A7%D9%84%D8%A2%D8%AB%D8%A7%D8%B1-%D8%A7%D9%84%D9%85%D9%81%D8%AA%D9%88%D8%AD%D8%A9-%D9%84%D9%84%D8%B2%D9%8A%D8%A7%D8%B1%D8%A9-%D8%AC%D8%AF%D9%8A%D8%AF/%D8%A7%D9%84%D9%85%D8%AA%D8%AD%D9%81-%D8%A7%D9%84%D9%85%D8%B5%D8%B1%D9%8A-%D8%A8%D8%A7%D9%84%D8%AA%D8%AD%D8%B1%D9%8A%D8%B1/
متحف جاير أندرسون,"القاهرة
ميدان أحمد بن طولون، السيدة زينب",9 ص,5 م,EGP 100,EGP 50,https://egymonuments.com/details/GayerAndersonMuseum,"يُعد متحف جاير أندرسون من أهم المعالم الأثرية الإسلامية في مصر، والتي تتميز بتصميمها المعماري الشرقي. كان المتحف في الأصل عبارة عن منزلين منفصلين تم بنائهما خلال العصر العثماني بجوار بعضهما البعض. شيد المنزل الأول المعلم عبد القادر الحداد عام 1540، وكانت السيدة آمنه بنت سالم آخر من امتلكته، أما المنزل الثاني فشيده الحاج محمد بن سالم بن جلمام الجزار عام 1631، وتعاقبت على سكنه أسر مختلفة حتى سكنته سيدة من جزيرة كريت فعُرف باسم بيت الكريتلية نسبة إليها. وفي عام 1935، سكن المنزلين الضابط الإنجليزي جاير أندرسون، وربطهما ببعضهما البعض عن طريق ممر.
بدأت فكرة إنشاء المتحف عام 1942، حين غادر جاير أندرسون مصر، واهباً المنزل ومجموعاته الأثرية النادرة التي جمعها على مدار حياته من مختلف العصور والأقطار، إلى لجنة حفظ الآثار العربية. يتكون المتحف من عدد من القاعات المجهزة بأثاث من نفس طراز القاعة فمنها الأندلسية والدمشقية والصينية، بالإضافة إلى مجموعة قاعات تتبع عمارة المنزل منها الحرملك، والسلاملك، والاحتفالات وغيرها.",https://mota.gov.eg/ar/%D8%A7%D9%84%D8%A2%D8%AB%D8%A7%D8%B1-%D9%88%D8%A7%D9%84%D9%85%D8%AA%D8%A7%D8%AD%D9%81/%D8%A7%D9%84%D9%85%D8%AC%D9%84%D8%B3-%D8%A7%D9%84%D8%A3%D8%B9%D9%84%D9%89-%D9%84%D9%84%D8%A2%D8%AB%D8%A7%D8%B1/%D8%AF%D9%84%D9%8A%D9%84-%D9%85%D8%AA%D8%A7%D8%AD%D9%81-%D8%A7%D9%84%D8%A2%D8%AB%D8%A7%D8%B1-%D8%A7%D9%84%D9%85%D9%81%D8%AA%D9%88%D8%AD%D8%A9-%D9%84%D9%84%D8%B2%D9%8A%D8%A7%D8%B1%D8%A9-%D8%AC%D8%AF%D9%8A%D8%AF/%D9%85%D8%AA%D8%AD%D9%81-%D8%AC%D8%A7%D9%8A%D8%B1-%D8%A3%D9%86%D8%AF%D8%B1%D8%B3%D9%88%D9%86/
متحف المركبات الملكية,"القاهرة
شارع 26 يوليو، بولاق أبو العلا",9 ص,5 م,EGP 300,EGP 150,https://egymonuments.com/details/RoyalChariotsMuseum,"يُعد متحف المركبات الملكية أحد أعرق المتاحف النوعية على مستوى العالم، حيث هُيئ خصيصاً لعرض وحفظ التراث الثقافي الخاص بالمركبات الملكية التي ترجع لعصر أسرة محمد علي وكل ما يتعلق بها، كما يسلط الضوء على الاهتمام برعاية الخيول خلال هذه الفترة بمصر.
ترجع فكرة إنشاء المتحف إلى عهد الخديوي إسماعيل، فيما بين عامي 1863 و1879، فكان أول من بدأ في إنشاء مبنى خاص بالمركبات الخديوية والخيول، ثم أصبحت مصلحة للركائب الملكية، تحولت فيما بعد إلى متحف للمركبات الملكية بعد عام 1952. تم إغلاق المتحف في ثمانينيات القرن الماضي لتطويره وترميمه، وتعثرت الأعمال على مدار الأعوام التالية بعد الغلق، حتى عام 2017 حيث بدأ استئناف الأعمال به مرة أخرى، وتفضل فخامة رئيس الجمهورية بافتتاحه، عبر الفيديو كونفرانس، عام 2020.
تعتبر عربة الآلاي الكبرى الخصوصي من أشهر العربات المعروضة بالمتحف، والتي أهداها الإمبراطور نابليون الثالث وزوجته الإمبراطورة أوجيني للخديوي إسماعيل وقت افتتاح قناة السويس عام 1869. يضم المتحف أيضاً مجموعة من أطقم الخيول وإكسسواراتها، بالإضافة إلى الملابس الخاصة بالعاملين بمصلحة الركائب والذين ترتبط وظائفهم بالعربات، فضلاً عن مجموعة من اللوحات الزيتية للملوك والأميرات من نفس الفترة التاريخية.",https://mota.gov.eg/ar/%D8%A7%D9%84%D8%A2%D8%AB%D8%A7%D8%B1-%D9%88%D8%A7%D9%84%D9%85%D8%AA%D8%A7%D8%AD%D9%81/%D8%A7%D9%84%D9%85%D8%AC%D9%84%D8%B3-%D8%A7%D9%84%D8%A3%D8%B9%D9%84%D9%89-%D9%84%D9%84%D8%A2%D8%AB%D8%A7%D8%B1/%D8%AF%D9%84%D9%8A%D9%84-%D9%85%D8%AA%D8%A7%D8%AD%D9%81-%D8%A7%D9%84%D8%A2%D8%AB%D8%A7%D8%B1-%D8%A7%D9%84%D9%85%D9%81%D8%AA%D9%88%D8%AD%D8%A9-%D9%84%D9%84%D8%B2%D9%8A%D8%A7%D8%B1%D8%A9-%D8%AC%D8%AF%D9%8A%D8%AF/%D9%85%D8%AA%D8%AD%D9%81-%D8%A7%D9%84%D9%85%D8%B1%D9%83%D8%A8%D8%A7%D8%AA-%D8%A7%D9%84%D9%85%D9%84%D9%83%D9%8A%D8%A9/
المتحف القومي للحضارة المصرية,"القاهرة
الفسطاط، عين الصيرة",أيام السبت للخميس  9 ص,5 م، الجمعة من 9 ص,N/A,N/A,https://egymonuments.com/nmec,"يُعتبر المتحف القومي للحضارة المصرية المتحف الأول من نوعه في مصر والعالم العربي، فهو يُعد مجمعاً حضارياً عالمياً متكاملاً يُتيح لزائريه فرصة للإبحار في رحلة عبر التاريخ للتعرف على الحضارات المصرية المتعاقبة. بدأت فكرة إنشاء المتحف حين أعلنت منظمة الأمم المتحدة للتربية والعلم والثقافة (اليونسكو)، بُناءً على طلب الحكومة المصرية، عن حملة دولية لإنشاء متحف النوبة بأسوان، والمتحف القومي للحضارة المصرية بالقاهرة عام 1982. تم وضع حجر الأساس عام 2002 في قلب مدينة الفسطاط، أول وأقدم العواصم الإسلامية في أفريقيا، وذلك بعد فوز المهندس المعماري المصري في مسابقة معمارية دولية لتصميم المتحف. تعثرت أعمال الإنشاء حتى انتهت تماماً وتم افتتاح قاعة للعرض المؤقت عن الحرف المصرية عبر العصور المختلفة عام 2017، بحضور السيدة إيرينا بوكوفا مدير عام اليونسكو السابق، لتعكس أربع حرف هي: الفخار، الأخشاب، النسيج، والحلي. تم استكمال جميع التجهيزات الخاصة بالقاعات الأخرى للمتحف، وتفضل فخامة رئيس الجمهورية بافتتاح قاعة العرض المركزي واستقبال 22 مومياء ملكية تم نقلها من المتحف المصري بالتحرير في موكب مهيب عام 2021، كما تم افتتاح قاعة للنسيج المصري عام 2022. ويستضيف المتحف مدرسة الحضارة المصرية في سبتمبر 2022، والتي تهدف إلى زيادة الوعي السياحي والأثري لدى المواطنين، فضلاً عن تعريف الأجانب المقيمين بالحضارة المصرية القديمة.
يضم المتحف مجموعة متنوعة من القطع الأثرية تلقي الضوء على التراث المادي واللامادي لمصر، مما يساعد الزائرين على فهم الحضارة المصرية عبر عصورها المختلفة بداية من عصور ما قبل التاريخ مروراً بالعصر المصري القديم، اليوناني، الروماني، القبطي، الإسلامي، والعصر الحديث والمعاصر، كما يضم المتحف قاعة للمومياوات وقاعة للنسيج المصري.",https://mota.gov.eg/ar/%D8%A7%D9%84%D8%A2%D8%AB%D8%A7%D8%B1-%D9%88%D8%A7%D9%84%D9%85%D8%AA%D8%A7%D8%AD%D9%81/%D8%A7%D9%84%D9%85%D8%AC%D9%84%D8%B3-%D8%A7%D9%84%D8%A3%D8%B9%D9%84%D9%89-%D9%84%D9%84%D8%A2%D8%AB%D8%A7%D8%B1/%D8%AF%D9%84%D9%8A%D9%84-%D9%85%D8%AA%D8%A7%D8%AD%D9%81-%D8%A7%D9%84%D8%A2%D8%AB%D8%A7%D8%B1-%D8%A7%D9%84%D9%85%D9%81%D8%AA%D9%88%D8%AD%D8%A9-%D9%84%D9%84%D8%B2%D9%8A%D8%A7%D8%B1%D8%A9-%D8%AC%D8%AF%D9%8A%D8%AF/%D8%A7%D9%84%D9%82%D9%88%D9%85%D9%8A-%D9%84%D9%84%D8%AD%D8%B6%D8%A7%D8%B1%D8%A9-%D8%A7%D9%84%D9%85%D8%B5%D8%B1%D9%8A%D8%A9/
متحف النوبة,"أسوان
شارع الفنادق، أسوان",أيام السبت للأربعاء  9ص,5م، يومي الخميس والجمعة من 9ص,EGP 400,EGP 200,https://egymonuments.com/details/NubiaMuseum,"يُعد متحف النوبة من أهم المتاحف التاريخية الإقليمية في مصر وأشهر المعالم السياحية في أسوان. بدأت فكرة إنشاء المتحف وافتتاحه عام 1997 بواسطة منظمة اليونسكو، ليضم نتاج أعمال الحفائر في مناطق معابد النوبة مستعرضاً العادات والتقاليد واللغة النوبية منذ بداية عصور ما قبل التاريخ وحتى العصر الحديث.
تم تصميم مبنى المتحف على غرار المعمار التقليدي للقرية النوبية، وتم إنهاء التصميم بالحجر الرملي والجرانيت الوردي، وقد فاز المبني عام 2001 بجائزة أغاخان للعمارة. يتكون المتحف من ثلاثة طوابق تضم عدد من القطع الأثرية من أبرزها تمثال للملك رمسيس الثاني من عصر الأسرة التاسعة عشر، هيكل عظمي من عصر ما قبل التاريخ، عدد من الأسلحة الحديدية، تيجان مصنوعة من الفضة ومرصعة بالعقيق، سروج خيل، وحلي فضية، وأواني فخارية.",https://mota.gov.eg/ar/%D8%A7%D9%84%D8%A2%D8%AB%D8%A7%D8%B1-%D9%88%D8%A7%D9%84%D9%85%D8%AA%D8%A7%D8%AD%D9%81/%D8%A7%D9%84%D9%85%D8%AC%D9%84%D8%B3-%D8%A7%D9%84%D8%A3%D8%B9%D9%84%D9%89-%D9%84%D9%84%D8%A2%D8%AB%D8%A7%D8%B1/%D8%AF%D9%84%D9%8A%D9%84-%D9%85%D8%AA%D8%A7%D8%AD%D9%81-%D8%A7%D9%84%D8%A2%D8%AB%D8%A7%D8%B1-%D8%A7%D9%84%D9%85%D9%81%D8%AA%D9%88%D8%AD%D8%A9-%D9%84%D9%84%D8%B2%D9%8A%D8%A7%D8%B1%D8%A9-%D8%AC%D8%AF%D9%8A%D8%AF/%D9%85%D8%AA%D8%AD%D9%81-%D8%A7%D9%84%D9%86%D9%88%D8%A8%D8%A9/
متحف الشرطة القومي,"القاهرة
قلعة صلاح الدين، الخليفة",9 ص,5 م,N/A,N/A,None,"يُعد متحف الشرطة القومي أحد المتاحف التاريخية في مصر، لتخليد الدور الذي تؤديه الشرطة المصرية في الحفاظ على أمن وسلامة الوطن عبر العصور التاريخية المختلفة.
بدأت فكرة إنشاء المتحف وافتتاحه عام 1986، أثناء الاحتفال بذكرى عيد الشرطة، ثم تم إغلاقه للتطوير عام 2008، وأُعيد افتتاحه عام 2013.
يتكون المتحف من مبني واحد مقسم إلى عدد من القاعات التي تضم مقتنيات أثرية وصور تبرز جهود الشرطة المصرية ونضالها المتواصل منذ العصور المصرية القديمة وحتى العصر الحديث. كما تستعرض أدوات ومضبوطات الشرطة المصرية، وأهم المعارك، والاغتيالات السياسية، والجرائم الاجتماعية في العصر الحديث، بالإضافة إلى نماذج من الأسلحة التي استخدمها رجال الشرطة منذ العصر المملوكي وحتى العصر الحديث.",https://mota.gov.eg/ar/%D8%A7%D9%84%D8%A2%D8%AB%D8%A7%D8%B1-%D9%88%D8%A7%D9%84%D9%85%D8%AA%D8%A7%D8%AD%D9%81/%D8%A7%D9%84%D9%85%D8%AC%D9%84%D8%B3-%D8%A7%D9%84%D8%A3%D8%B9%D9%84%D9%89-%D9%84%D9%84%D8%A2%D8%AB%D8%A7%D8%B1/%D8%AF%D9%84%D9%8A%D9%84-%D9%85%D8%AA%D8%A7%D8%AD%D9%81-%D8%A7%D9%84%D8%A2%D8%AB%D8%A7%D8%B1-%D8%A7%D9%84%D9%85%D9%81%D8%AA%D9%88%D8%AD%D8%A9-%D9%84%D9%84%D8%B2%D9%8A%D8%A7%D8%B1%D8%A9-%D8%AC%D8%AF%D9%8A%D8%AF/%D9%85%D8%AA%D8%AD%D9%81-%D8%A7%D9%84%D8%B4%D8%B1%D8%B7%D8%A9-%D8%A7%D9%84%D9%82%D9%88%D9%85%D9%8A/
متحف مطروح,"مطروح
شارع الكورنيش، مرسى مطروح",المواعيد الشتوية  9 ص,5 م، المواعيد الصيفية من 9 ص,N/A,N/A,None,"يُعد متحف مطروح القومي بانوراما لسرد التاريخ الحافل لمحافظة مطروح عبر العصور المختلفة، وتسليط الضوء على الاكتشافات الأثرية التي تمت بالمحافظة. بدأت فكرة إنشاء المتحف عام 2016، وقد بدأت التجهيزات داخل مكتبة مصر العامة بمدينة مرسى مطروح لإقامة المتحف بالتعاون مع المحافظة، وتفضل فخامة رئيس الجمهورية بافتتاحه، عبر الفيديو كونفرانس، عام 2018.
يحتل المتحف طابقين من المكتبة، خُصص الطابق الأول لعرض مجموعة من القطع الأثرية التي تُبرز إنجازات ملوك مصر خلال العصور المختلفة مثل تأمين الحدود، وإقامة القلاع والحصون بمنطقة الحدود الغربية. أما الطابق الثاني فيتكون من سبع قاعات تعرض عدداً من الموضوعات منها التجارة، الصيد، العالم الآخر، الحياة اليومية، الزينة، العلوم، والفن القبطي والإسلامي.",https://mota.gov.eg/ar/%D8%A7%D9%84%D8%A2%D8%AB%D8%A7%D8%B1-%D9%88%D8%A7%D9%84%D9%85%D8%AA%D8%A7%D8%AD%D9%81/%D8%A7%D9%84%D9%85%D8%AC%D9%84%D8%B3-%D8%A7%D9%84%D8%A3%D8%B9%D9%84%D9%89-%D9%84%D9%84%D8%A2%D8%AB%D8%A7%D8%B1/%D8%AF%D9%84%D9%8A%D9%84-%D9%85%D8%AA%D8%A7%D8%AD%D9%81-%D8%A7%D9%84%D8%A2%D8%AB%D8%A7%D8%B1-%D8%A7%D9%84%D9%85%D9%81%D8%AA%D9%88%D8%AD%D8%A9-%D9%84%D9%84%D8%B2%D9%8A%D8%A7%D8%B1%D8%A9-%D8%AC%D8%AF%D9%8A%D8%AF/%D9%85%D8%AA%D8%AD%D9%81-%D9%85%D8%B7%D8%B1%D9%88%D8%AD/
متحف قصر المنيل,"القاهرة
شارع السراي، منيل الروضة",9 ص,5 م,EGP 220,EGP 110,https://egymonuments.com/details/PrinceMohamedAliPalace,"يُعد قصر الأمير محمد علي أحد أجمل وأهم القصور التاريخية في مصر، فهو مدرسة فنية جامعة لعناصر الفنون الإسلامية المختلفة ليُمثل فترة هامة من تاريخ مصر الحديث. بدأت فكرة تحويل القصر إلى متحف بعد وفاة الأمير تحقيقاً لوصيته. تم إغلاق القصر عام 2005، وأعيد افتتاحه بعد الانتهاء من مشروع ترميمه عام 2015، كما أعيد افتتاح متحف الصيد بالقصر عام 2017.
شيد قصر الأمير محمد علي توفيق نجل الخديوي محمد توفيق في الفترة ما بين عامي 1900 و1929، حيث بدأ في بناء سراي الإقامة، ثم سراي للاستقبال، سراي العرش، المسجد، المتحف الخاص، متحف الصيد، برج الساعة، والقاعة الذهبية، جميعها بداخل سور ضخم شُيد على طراز حصون القرون الوسطي. أما باقي مساحة القصر فقد تم تخصيصها لتكون حديقة تضم عدد من الأشجار النادرة والنباتات التي قام الأمير بجمعها من مختلف دول العالم، كالصبار والتين الهندي والنخيل الملكي ذي الجذوع البيضاء والبامبو والفيكاس.",https://mota.gov.eg/ar/%D8%A7%D9%84%D8%A2%D8%AB%D8%A7%D8%B1-%D9%88%D8%A7%D9%84%D9%85%D8%AA%D8%A7%D8%AD%D9%81/%D8%A7%D9%84%D9%85%D8%AC%D9%84%D8%B3-%D8%A7%D9%84%D8%A3%D8%B9%D9%84%D9%89-%D9%84%D9%84%D8%A2%D8%AB%D8%A7%D8%B1/%D8%AF%D9%84%D9%8A%D9%84-%D9%85%D8%AA%D8%A7%D8%AD%D9%81-%D8%A7%D9%84%D8%A2%D8%AB%D8%A7%D8%B1-%D8%A7%D9%84%D9%85%D9%81%D8%AA%D9%88%D8%AD%D8%A9-%D9%84%D9%84%D8%B2%D9%8A%D8%A7%D8%B1%D8%A9-%D8%AC%D8%AF%D9%8A%D8%AF/%D9%82%D8%B5%D8%B1-%D8%A7%D9%84%D9%85%D9%86%D9%8A%D9%84/
متحف المجوهرات الملكية,"الأسكندرية
شارع أحمد يحيي باشا، زيزينيا",9 ص,5 م,EGP 220,EGP 110,https://egymonuments.com/details/RoyalJewelleryMuseum,"يُعد متحف المجوهرات الملكية من أفخم وأجمل المتاحف والمعالم السياحية في محافظة الإسكندرية، فهو في حد ذاته تحفه معمارية مُشيدة على الطراز الأوروبي، حيث كان في الأصل قصراً بُني عام 1919 على يد السيدة زينب فهمي، وأكملته وأقامت به ابنتها الأميرة فاطمة ابنة الأمير علي حيدر حفيد محمد علي باشا. بدأت فكرة تحويل القصر إلى متحف عام 1964، بعد أن تنازلت عنه الأميرة فاطمة الزهراء للحكومة المصرية، ولكن تم استخدامه كقاعة لرئيس الجمهورية ثم قرر الحزب الجمهوري آنذاك إلى تحويله إلى متحف وافتتاحه عام 1986، تم ترميم وتطوير وإعادة افتتاح المتحف عده مرات كان آخرها عام 2009.
يتكون القصر من جناحين شرقي وغربي يربط بينهما ممر، ويتكون كل منهما من طابقين وبدروم. يعكس القصر الذوق الرفيع في اللوحات، والأسقف المذهبة، والفسيفساء التي تزين حجراته. ويعرض أيضاً مجموعة رائعة من مقتنيات الأسرة العلوية من أبرزها قلادة مطعمة بالماس والزمرد لمحمد علي باشا، قطع من الذهب مثل رقعة شطرنج، مناظير مرصعة بالماس والياقوت والزمرد، أكواب مطعمة بالأحجار الكريمة، والمجوهرات التي قامت بصناعتها أكبر شركات المجوهرات في أوروبا آنذاك، والتي كانت تتزين بها الملكات والأميرات من العائلة المالكة في مصر.",https://mota.gov.eg/ar/%D8%A7%D9%84%D8%A2%D8%AB%D8%A7%D8%B1-%D9%88%D8%A7%D9%84%D9%85%D8%AA%D8%A7%D8%AD%D9%81/%D8%A7%D9%84%D9%85%D8%AC%D9%84%D8%B3-%D8%A7%D9%84%D8%A3%D8%B9%D9%84%D9%89-%D9%84%D9%84%D8%A2%D8%AB%D8%A7%D8%B1/%D8%AF%D9%84%D9%8A%D9%84-%D9%85%D8%AA%D8%A7%D8%AD%D9%81-%D8%A7%D9%84%D8%A2%D8%AB%D8%A7%D8%B1-%D8%A7%D9%84%D9%85%D9%81%D8%AA%D9%88%D8%AD%D8%A9-%D9%84%D9%84%D8%B2%D9%8A%D8%A7%D8%B1%D8%A9-%D8%AC%D8%AF%D9%8A%D8%AF/%D9%85%D8%AA%D8%AD%D9%81-%D8%A7%D9%84%D9%85%D8%AC%D9%88%D9%87%D8%B1%D8%A7%D8%AA-%D8%A7%D9%84%D9%85%D9%84%D9%83%D9%8A%D8%A9/
متحف ركن فاروق,"القاهرة
كورنيش النيل، حلوان",9 ص,5 م,N/A,N/A,None,"يُعد متحف ركن حلوان أحد التحف المعمارية للمباني الملكية، التي شيدها الملك فاروق الأول عام 1942، لتكون استراحة شتوية له صُممت على هيئة قارب يرسو على شاطئ النيل، كما يوجد بها مرسى نهري لاستقبال اليخوت والسفن الكبيرة، وحديقة تضم برجولة خشبية وأكثر من 30 نوع من أشجار المانجو النادرة التي جُلبت من ألبانيا لزراعتها بالقصور الملكية.
بدأت فكره تحويل الاستراحة إلى متحف عام1976، بعد ضمها إلى قطاع المتاحف، بالمجلس الأعلى للآثار، وظل المكان بين الفتح والإغلاق، حتى تم أغلاقه عام 2011، ثم أعيد افتتاحه بعد الانتهاء من مشروع تطويره وترميمه عام 2016.
يضم المتحف عدد من القاعات بالإضافة إلى شرفة كبيرة وجناح للنوم، ويُعرض داخل هذه القاعات مجموعة قيمة من المقتنيات الملكية من أثاث، تحف، تماثيل، ولوحات، بالإضافة إلى المقتنيات الملكية المنقولة من استراحة الملك فاروق بالهرم.",https://mota.gov.eg/ar/%D8%A7%D9%84%D8%A2%D8%AB%D8%A7%D8%B1-%D9%88%D8%A7%D9%84%D9%85%D8%AA%D8%A7%D8%AD%D9%81/%D8%A7%D9%84%D9%85%D8%AC%D9%84%D8%B3-%D8%A7%D9%84%D8%A3%D8%B9%D9%84%D9%89-%D9%84%D9%84%D8%A2%D8%AB%D8%A7%D8%B1/%D8%AF%D9%84%D9%8A%D9%84-%D9%85%D8%AA%D8%A7%D8%AD%D9%81-%D8%A7%D9%84%D8%A2%D8%AB%D8%A7%D8%B1-%D8%A7%D9%84%D9%85%D9%81%D8%AA%D9%88%D8%AD%D8%A9-%D9%84%D9%84%D8%B2%D9%8A%D8%A7%D8%B1%D8%A9-%D8%AC%D8%AF%D9%8A%D8%AF/%D9%85%D8%AA%D8%AD%D9%81-%D8%B1%D9%83%D9%86-%D9%81%D8%A7%D8%B1%D9%88%D9%82/
متحف كهف روميل,مطروح,9 ص,3 م,N/A,N/A,None,"يُعد متحف كهف روميل من المتاحف ذات الطابع الخاص والفريدة من نوعها، حيث يوجد داخل كهف عبارة عن تجويف طبيعي بالجبل كان يستخدمه الرومان قديماً في تخزين الغلال، ثم استخدمه القائد الألماني أرفين روميل ليكون مقراً له للقيادة خلال الحرب العالمية الثانية. بدأت فكرة تحول الكهف إلى متحف عام 1977، حينما زار مانفريد روميل، ابن القائد الألماني أرفين روميل، مصر وقام بإهداء محافظة مطروح بعض من مقتنيات والده العسكرية، وتم افتتاح المتحف عام 1988، ثم تم إغلاقه عام 2010 للترميم والتطوير وأُعيد افتتاحه عام 2017.
يتكون المتحف من عدد من الصالات تعرض المقتنيات الشخصية والعسكرية للقائد الألماني، من أبرزها الخرائط العسكرية بخط يده والتي تخص معارك الحرب العالمية الثانية وصور له بالزي العسكري والمعطف الخاص به، وغيرها من المقتنيات الشخصية والعسكرية.",https://mota.gov.eg/ar/%D8%A7%D9%84%D8%A2%D8%AB%D8%A7%D8%B1-%D9%88%D8%A7%D9%84%D9%85%D8%AA%D8%A7%D8%AD%D9%81/%D8%A7%D9%84%D9%85%D8%AC%D9%84%D8%B3-%D8%A7%D9%84%D8%A3%D8%B9%D9%84%D9%89-%D9%84%D9%84%D8%A2%D8%AB%D8%A7%D8%B1/%D8%AF%D9%84%D9%8A%D9%84-%D9%85%D8%AA%D8%A7%D8%AD%D9%81-%D8%A7%D9%84%D8%A2%D8%AB%D8%A7%D8%B1-%D8%A7%D9%84%D9%85%D9%81%D8%AA%D9%88%D8%AD%D8%A9-%D9%84%D9%84%D8%B2%D9%8A%D8%A7%D8%B1%D8%A9-%D8%AC%D8%AF%D9%8A%D8%AF/%D9%85%D8%AA%D8%AD%D9%81-%D9%83%D9%87%D9%81-%D8%B1%D9%88%D9%85%D9%8A%D9%84/
متحف التحنيط,"الأقصر
كورنيش النيل، الأقصر",المواعيد الصباحية  9 ص,2 م، المواعيد المسائية من 5 م,EGP 220,EGP 110,https://egymonuments.com/details/MummificationMuseumLuxor,"يُعد متحف التحنيط فريد من نوعه، حيث خصص لاستعراض أسرار وطرق وأساليب وأدوات وفنون التحنيط التي اتبعها المصري القديم للحفاظ على أجساد البشر والحيوانات بعد الوفاة.
بدأت فكرة إنشاء المتحف وافتتاحه عام 1997، ليُلقي الضوء على اعتقاد المصري القديم في أهمية الحفاظ على الجسد بعد الوفاة لضمان الخلود في العالم الآخر، لذا كان التحنيط عنصراً أساسياً في الطقوس الجنائزية للمصريين القدماء. يتكون مبنى المتحف من طابق واحد تم تصميمه ليماثل حجره الدفن عند القدماء المصريين من طريق منحدر، وأضواء خافته، يتم تركيزها على القطع المعروضة، والتي تستعرض عملية التحنيط بأكملها من خلال شرح الأهمية الدينية للتحنيط والطقوس المرتبطة به، مع عرض العديد من المواد والأدوات المستخدمة في هذه العملية، منها مجموعة من الأواني الكانوبية، اللوحات الجنائزية، المومياوات البشرية والحيوانية، التوابيت، التمائم، وتماثيل المعبودات المرتبطة بالتحنيط.",https://mota.gov.eg/ar/%D8%A7%D9%84%D8%A2%D8%AB%D8%A7%D8%B1-%D9%88%D8%A7%D9%84%D9%85%D8%AA%D8%A7%D8%AD%D9%81/%D8%A7%D9%84%D9%85%D8%AC%D9%84%D8%B3-%D8%A7%D9%84%D8%A3%D8%B9%D9%84%D9%89-%D9%84%D9%84%D8%A2%D8%AB%D8%A7%D8%B1/%D8%AF%D9%84%D9%8A%D9%84-%D9%85%D8%AA%D8%A7%D8%AD%D9%81-%D8%A7%D9%84%D8%A2%D8%AB%D8%A7%D8%B1-%D8%A7%D9%84%D9%85%D9%81%D8%AA%D9%88%D8%AD%D8%A9-%D9%84%D9%84%D8%B2%D9%8A%D8%A7%D8%B1%D8%A9-%D8%AC%D8%AF%D9%8A%D8%AF/%D9%85%D8%AA%D8%AD%D9%81-%D8%A7%D9%84%D8%AA%D8%AD%D9%86%D9%8A%D8%B7/
متحف إيمحتب,"الجيزة
منطقة آثار سقارة، طريق المريوطية السياحي",8 ص,5 م,N/A,N/A,None,"يُعد متحف إيمحتب أحد أهم متاحف المواقع الأثرية بمصر، وسمي بهذا الاسم نسبةً إلى المهندس والطبيب الشهير إيمحتب الذي قام ببناء المجموعة الهرمية للملك زوسر من عصر الأسرة الثالثة بالدولة القديمة.
بدأ إنشاء المتحف منذ عام 1997 إلى أن تم افتتاحه في أبريل 2006، ثم تم غلقه مرة أخرى في مارس 2022 لإتمام أعمال التطوير به. يتمحور سيناريو العرض للمتحف حول ثلاثة موضوعات عن المهندس إيمحتب وعن الطرز المعمارية والفنية بسقارة، وكذلك تطور أساليب الدفن خلال العصور المصرية القديمة.
يتكون المتحف من ست قاعات وهي قاعة سقارة، قاعة المكتبة، قاعة العمارة، قاعة مقابر سقارة، قاعة طرز سقارة، قاعة البعثات، يُعرض بها 289 قطعة أثرية منها مجموعة من الآثار من عصر الدولة القديمة، أهمها قاعدة تمثال للملك زوسر يظهر عليها عدة ألقاب لإيمحتب، وأيضًا تمثال لإيمحتب مصنوع من البرونز، ومومياء مري إن رع وهي أقدم مومياء ملكية من عصر الدولة القديمة، ومجموعة من العناصر المعمارية، ومنحوتات لنماذج خشبية وحجرية لكبار الموظفين وغيرها من القِطَع الأثرية المميزة.",https://mota.gov.eg/ar/%D8%A7%D9%84%D8%A2%D8%AB%D8%A7%D8%B1-%D9%88%D8%A7%D9%84%D9%85%D8%AA%D8%A7%D8%AD%D9%81/%D8%A7%D9%84%D9%85%D8%AC%D9%84%D8%B3-%D8%A7%D9%84%D8%A3%D8%B9%D9%84%D9%89-%D9%84%D9%84%D8%A2%D8%AB%D8%A7%D8%B1/%D8%AF%D9%84%D9%8A%D9%84-%D9%85%D8%AA%D8%A7%D8%AD%D9%81-%D8%A7%D9%84%D8%A2%D8%AB%D8%A7%D8%B1-%D8%A7%D9%84%D9%85%D9%81%D8%AA%D9%88%D8%AD%D8%A9-%D9%84%D9%84%D8%B2%D9%8A%D8%A7%D8%B1%D8%A9-%D8%AC%D8%AF%D9%8A%D8%AF/%D9%85%D8%AA%D8%AD%D9%81-%D8%A5%D9%8A%D9%85%D8%AD%D8%AA%D8%A8/
متحف سوهاج القومي,"سوهاج
كورنيش النيل، مدينة ناصر",الفترة الصباحية  9 ص,3 م,EGP 150,EGP 75,https://egymonuments.com/details/SohagNationalMuseum,يُعد متحف سوهاج القومي من أكبر المتاحف الإقليمية في مصر، والواجهة الحضارية لمحافظة سوهاج بموقعه المتميز، ليضم المقتنيات الأثرية التي تُستخرج من أرضها خاصةً بعد الكشف الأثري الضخم لمقبرة مريت آمون عام 1982. بدأت فكرة إنشاء المتحف عام 1993، ليعرض المقتنيات الأثرية المكتشفة في محافظة سوهاج لاسيما تلك الخاصة بمقبرة ميريت آمون والتي تم اكتشافها عام 1982. تعثرت أعمال بناء المتحف وتوقفت عدة سنوات حتى بدأ استئناف الأعمال مرة أخرى عام 2016، وتفضل فخامة رئيس الجمهورية بافتتاحه عام 2018. يتكون مبنى المتحف من بدروم وطابقين، تضم مجموعة من القطع الأثرية تُلقي الضوء على عدة موضوعات منها ملوك وشخصيات، الأسرة والوضع الاجتماعي، المطبخ المصري القديم، الحرف والصناعات، النسيج، التراث، ورحلة الحج عبر العصور. ومن أبرز القطع الأثرية التي يتم عرضها تمثال من الجرانيت الوردي للملك رمسيس الثاني من عصر الأسرة التاسعة عشر، وجزء من مقبرة وني حاكم أبيدوس والقائد الأعلى للجيش من عصر الأسرة السادسة.,https://mota.gov.eg/ar/%D8%A7%D9%84%D8%A2%D8%AB%D8%A7%D8%B1-%D9%88%D8%A7%D9%84%D9%85%D8%AA%D8%A7%D8%AD%D9%81/%D8%A7%D9%84%D9%85%D8%AC%D9%84%D8%B3-%D8%A7%D9%84%D8%A3%D8%B9%D9%84%D9%89-%D9%84%D9%84%D8%A2%D8%AB%D8%A7%D8%B1/%D8%AF%D9%84%D9%8A%D9%84-%D9%85%D8%AA%D8%A7%D8%AD%D9%81-%D8%A7%D9%84%D8%A2%D8%AB%D8%A7%D8%B1-%D8%A7%D9%84%D9%85%D9%81%D8%AA%D9%88%D8%AD%D8%A9-%D9%84%D9%84%D8%B2%D9%8A%D8%A7%D8%B1%D8%A9-%D8%AC%D8%AF%D9%8A%D8%AF/%D9%85%D8%AA%D8%AD%D9%81-%D8%B3%D9%88%D9%87%D8%A7%D8%AC-%D8%A7%D9%84%D9%82%D9%88%D9%85%D9%8A/
متحف السويس,"السويس
شارع 23 يوليو، بورتوفيق",9 ص,3 م,N/A,N/A,None,"يُعد متحف السويس متحف إقليمي ثقافي يحتضن تراث محافظة السويس وآثارها، ويروى تاريخها الممتد عبر العصور. بدأت فكرة إنشاء متحف بعد انهيار المتحف القديم أثناء حرب 1967، حيث نُقلت جميع القطع الأثرية التي كانت معروضة به إلى مخازن المتحف المصري بالتحرير. تم إنشاء وافتتاح المتحف الحالي عام 2002، ثم تم غلقه للترميم والتطوير، وأعيد افتتاحه عام 2012.
يتكون المتحف من طابقين تفصل بينهما قاعة عرض مكشوفة، يُعرض بها مجموعة من الأعمدة الأثرية اليونانية والرومانية والإسلامية، بالإضافة إلى حديقة متحفية يُعرض بها نموذج لإحدى سفن أسطول الملكة حتشبسوت داخل حوض مياه صناعي. يضم المتحف مجموعة من القطع الأثرية تحكي قصة وتاريخ حفر قناة السويس منذ عصور الأسرات المصرية القديمة وحتى العصر الحديث، من أبرزها تمثال الملك سنوسرت الثالث، صاحب أول محاولة لحفر القناة في مصر القديمة من عصر الأسرة الثانية عشر، كما تبرز تاريخ علاقات مصر التجارية، وحرفتي التعدين وبناء السفن، وأهمية المدينة فيما يتعلق برحلات الحج للأراضي المقدسة، وتاريخ قناة السويس الحالية، مع تخصيص قاعة كاملة لتاريخ السويس الحديث تُوثق بطولات أبناء المدينة خلال كفاحهم المسلح ضد الاحتلال البريطاني، وخلال معركة 1973 .",https://mota.gov.eg/ar/%D8%A7%D9%84%D8%A2%D8%AB%D8%A7%D8%B1-%D9%88%D8%A7%D9%84%D9%85%D8%AA%D8%A7%D8%AD%D9%81/%D8%A7%D9%84%D9%85%D8%AC%D9%84%D8%B3-%D8%A7%D9%84%D8%A3%D8%B9%D9%84%D9%89-%D9%84%D9%84%D8%A2%D8%AB%D8%A7%D8%B1/%D8%AF%D9%84%D9%8A%D9%84-%D9%85%D8%AA%D8%A7%D8%AD%D9%81-%D8%A7%D9%84%D8%A2%D8%AB%D8%A7%D8%B1-%D8%A7%D9%84%D9%85%D9%81%D8%AA%D9%88%D8%AD%D8%A9-%D9%84%D9%84%D8%B2%D9%8A%D8%A7%D8%B1%D8%A9-%D8%AC%D8%AF%D9%8A%D8%AF/%D9%85%D8%AA%D8%AD%D9%81-%D8%A7%D9%84%D8%B3%D9%88%D9%8A%D8%B3/
متحف اليوناني الروماني,"الأسكندرية
شارع المتحف اليوناني الروماني، خلف المحافظة القديمة",أيام الأحد للخميس  9 ص,5 م، يومي الجمعة والسبت من 9 ص,EGP 400,EGP 200,https://egymonuments.com/details/GraecoRomanMuseum,"يُعد المتحف اليوناني الروماني أقدم مبنى في مصر صُمم خصيصًا بغرض حفظ وعرض الآثار، وهو المتحف الوحيد المتخصص في عرض آثار وحضارة مصر في العصرين اليوناني والروماني.
سعى العالم الإيطالي جيوسيبي بوتي منذ عام 1889 إلى تأسيس متحف للإسكندرية يضم مجموعة الاكتشافات الأثرية بها، وبدأ ذلك في عقار بسيط مستأجر، وافتتحه الخديوي عباس حلمي الثاني في 17 أكتوبر 1892. وقد حقق المتحف منذ بدايته صحوة ثقافية فازدادت الاكتشافات، وباتت الحاجة ملحة لمبنى جديد أكثر اتساعاً. ففي 12 سبتمبر 1894، وضع نوبار باشا حجر الأساس لمتحف جديد صممه المهندسان ديتريش وستينون على طراز كلاسيكي، ثم افتتحه الخديوي عباس حلمي الثاني مرة ثانية في 26 سبتمبر 1895.
بدأ تنفيذ أكثر من مشروع لتطوير المتحف، ففي عام 1982 أُضيف جناح جديد يصل الجناحين الغربي والشرقي به، كما تم وضع التصميم الحالي لمبنى المتحف عام 2015، وفي عام 2018 تم استئناف العمل والبدء الفعلي لتنفيذ التصميم بإضافة طابق علوي للمبنى.
يضم المتحف في عرضه الحالي حوالي 6 آلاف قطعة أثرية من عصر ما قبل الإسكندر حتى العصر البيزنطي. ويتكون مبنى المتحف من دور أرضي يحتوي على 27 قاعة للآثار، بالإضافة إلى معامل الترميم ومخازن الآثار. ودور آخر يعلو الطابق الأرضي يضم أربع قاعات وهي قاعات التربية المتحفية، والأرشيف والتسجيل، والجيبسوتيكا، والدراسة. كما يوجد طابق آخر يعرض في عدة قاعات عدد من القطع الأثرية وفقًا للتصنيف النوعي لها.",https://mota.gov.eg/ar/%D8%A7%D9%84%D8%A2%D8%AB%D8%A7%D8%B1-%D9%88%D8%A7%D9%84%D9%85%D8%AA%D8%A7%D8%AD%D9%81/%D8%A7%D9%84%D9%85%D8%AC%D9%84%D8%B3-%D8%A7%D9%84%D8%A3%D8%B9%D9%84%D9%89-%D9%84%D9%84%D8%A2%D8%AB%D8%A7%D8%B1/%D8%AF%D9%84%D9%8A%D9%84-%D9%85%D8%AA%D8%A7%D8%AD%D9%81-%D8%A7%D9%84%D8%A2%D8%AB%D8%A7%D8%B1-%D8%A7%D9%84%D9%85%D9%81%D8%AA%D9%88%D8%AD%D8%A9-%D9%84%D9%84%D8%B2%D9%8A%D8%A7%D8%B1%D8%A9-%D8%AC%D8%AF%D9%8A%D8%AF/%D9%85%D8%AA%D8%AD%D9%81-%D8%A7%D9%84%D9%8A%D9%88%D9%86%D8%A7%D9%86%D9%8A-%D8%A7%D9%84%D8%B1%D9%88%D9%85%D8%A7%D9%86%D9%8A/
متحف كوم أوشيم,"الفيوم
طريق الفيوم الصحراوي، طامية",9 ص,3 م,N/A,N/A,None,"يُعد متحف كوم أوشيم أحد المتاحف الإقليمية في مصر ليروي تاريخ محافظة الفيوم على مر العصور، وأهم الاكتشافات الأثرية بها. بدأت فكره إنشاء المتحف وافتتاحه لأول مره عام 1974، كما تم توسعته وزيادة مساحته عام 1993، حيث أُلحق به دور علوي. أُغلق المتحف وأُعيد افتتاحه عدة مرات بعد الانتهاء من مشاريع ترميمه وتطويره وإعادة تأهيله، كان آخرها عام 2016.
يتكون المتحف من مبنى من طابقين يضم مجموعة متميزة من القطع الأثرية التي تلقي الضوء على تاريخ محافظة الفيوم، وعادات وتقاليد قاطنيها منذ أقدم العصور، وأهم الحرف اليدوية والصناعات التي اشتهرت بها المحافظة وكذلك الفكر الديني الذي اعتنقه أهل المحافظة على مر العصور، الأمر الذي يعمل بشكل كبير على ربط سكان المحافظة بالمتحف.",https://mota.gov.eg/ar/%D8%A7%D9%84%D8%A2%D8%AB%D8%A7%D8%B1-%D9%88%D8%A7%D9%84%D9%85%D8%AA%D8%A7%D8%AD%D9%81/%D8%A7%D9%84%D9%85%D8%AC%D9%84%D8%B3-%D8%A7%D9%84%D8%A3%D8%B9%D9%84%D9%89-%D9%84%D9%84%D8%A2%D8%AB%D8%A7%D8%B1/%D8%AF%D9%84%D9%8A%D9%84-%D9%85%D8%AA%D8%A7%D8%AD%D9%81-%D8%A7%D9%84%D8%A2%D8%AB%D8%A7%D8%B1-%D8%A7%D9%84%D9%85%D9%81%D8%AA%D9%88%D8%AD%D8%A9-%D9%84%D9%84%D8%B2%D9%8A%D8%A7%D8%B1%D8%A9-%D8%AC%D8%AF%D9%8A%D8%AF/%D9%85%D8%AA%D8%AD%D9%81-%D9%83%D9%88%D9%85-%D8%A3%D9%88%D8%B4%D9%8A%D9%85/
متحف الإسكندرية القومي,"الأسكندرية
شارع فؤاد، باب شرق",9 ص,5 م,EGP 220,EGP 110,https://egymonuments.com/details/AlexandriaNationalMuseum,"يُعد متحف الإسكندرية القومي في حد ذاته أحد التحف المعمارية الفريدة، حيث كان مبنى المتحف في الأصل قصراً لأسعد باسيلي باشا، الذي شيده على الطراز المعماري الإيطالي عام 1928. بدأت فكرة تحول القصر إلى متحف عام 1997، حينما اشترته الدولة المصرية من القنصلية الأمريكية والتي كانت تتخذه مقراً لها، حيث بدأت أعمال مشروع ترميمه وتحويله إلى متحف حتى تم افتتاحه عام 2003.
يتكون المتحف من ثلاثة طوابق تعرض مجموعة متميزة من القطع الأثرية لكافة الحقب التاريخية المختلفة للحضارة المصرية منذ عصر الدولة القديمة وحتى العصر الحديث، من أشهرها تمثال لمعبود الحب عند الإغريق.",https://mota.gov.eg/ar/%D8%A7%D9%84%D8%A2%D8%AB%D8%A7%D8%B1-%D9%88%D8%A7%D9%84%D9%85%D8%AA%D8%A7%D8%AD%D9%81/%D8%A7%D9%84%D9%85%D8%AC%D9%84%D8%B3-%D8%A7%D9%84%D8%A3%D8%B9%D9%84%D9%89-%D9%84%D9%84%D8%A2%D8%AB%D8%A7%D8%B1/%D8%AF%D9%84%D9%8A%D9%84-%D9%85%D8%AA%D8%A7%D8%AD%D9%81-%D8%A7%D9%84%D8%A2%D8%AB%D8%A7%D8%B1-%D8%A7%D9%84%D9%85%D9%81%D8%AA%D9%88%D8%AD%D8%A9-%D9%84%D9%84%D8%B2%D9%8A%D8%A7%D8%B1%D8%A9-%D8%AC%D8%AF%D9%8A%D8%AF/%D9%85%D8%AA%D8%AD%D9%81-%D8%A7%D9%84%D8%A5%D8%B3%D9%83%D9%86%D8%AF%D8%B1%D9%8A%D8%A9-%D8%A7%D9%84%D9%82%D9%88%D9%85%D9%8A/
المتحف القبطي,"القاهرة
شارع مار جرجس، مصر القديمة",9 ص,5 م,EGP 280,EGP 140,https://egymonuments.com/details/CopticMuseum,"يُعد المتحف القبطي أكبر متحف للآثار القبطية في العالم، يعرض مجموعات متنوعة ونادرة من الفن القبطي ومدى تأثره بفنون الثقافات الأخرى. بدأت فكرة إنشائه عام 1898، حين أوصت لجنة حفظ الآثار العربية بإنشائه بعد المجهودات التي بذلها مرقس باشا سميكة، أحد الشخصيات المسيحية البارزة الذي كان مهتماً بحفظ التراث القبطي، وقد تم افتتاحه عام 1910، ليكون مجمعاً للآثار والوثائق التي تُسهم في إثراء دراسة الفن القبطي في مصر. وقد تم افتتاح الجناح الجديد للمتحف عام 1947 كما تم تطويره عدة مرات كان آخرها عام 2006، حين تم ربط الجناح القديم والجديد للمتحف بممر.
يتكون المتحف من جناحين يضمان أكبر مجموعة في العالم من المقتنيات الأثرية التي تعكس تاريخ المسيحية في مصر منذ بداياتها الأولى، من أبرزها مجموعة من المخطوطات المزخرفة، الأيقونات، المنحوتات الخشبية، الجداريات المزخرفة بالمناظر الدينية المأخوذة من الأديرة والكنائس القديمة. كما يضم المتحف مجموعات من القطع التي توضح تأثر الفن القبطي بجميع الثقافات السائدة بما في ذلك المصرية القديمة، اليونانية، الرومانية، والإسلامية.",https://mota.gov.eg/ar/%D8%A7%D9%84%D8%A2%D8%AB%D8%A7%D8%B1-%D9%88%D8%A7%D9%84%D9%85%D8%AA%D8%A7%D8%AD%D9%81/%D8%A7%D9%84%D9%85%D8%AC%D9%84%D8%B3-%D8%A7%D9%84%D8%A3%D8%B9%D9%84%D9%89-%D9%84%D9%84%D8%A2%D8%AB%D8%A7%D8%B1/%D8%AF%D9%84%D9%8A%D9%84-%D9%85%D8%AA%D8%A7%D8%AD%D9%81-%D8%A7%D9%84%D8%A2%D8%AB%D8%A7%D8%B1-%D8%A7%D9%84%D9%85%D9%81%D8%AA%D9%88%D8%AD%D8%A9-%D9%84%D9%84%D8%B2%D9%8A%D8%A7%D8%B1%D8%A9-%D8%AC%D8%AF%D9%8A%D8%AF/%D8%A7%D9%84%D9%85%D8%AA%D8%AD%D9%81-%D8%A7%D9%84%D9%82%D8%A8%D8%B7%D9%8A/
متحف التمساح,"أسوان
كورنيش النيل، كوم أمبو",7 ص,9 م,N/A,N/A,None,يُعد متحف التمساح أكبر متحف في العالم يخص حيوان واحد فقط هو التمساح الذي كان معبوداً لمنطقة كوم أمبو خلال العصور المصرية القديمة والمعروف باسم المعبود سوبك، كما أنه أحد متاحف المواقع في مصر. بدأت فكرة إنشاء المتحف عام 2009، وتم افتتاحه عام 2012 ليُلقي الضوء على مظاهر عبادة المعبود سوبك في مصر القديمة، الذي كان يتخذ هيئة التمساح، بالإضافة إلى ما يتصل بها من تحنيط التماسيح وغيرها من الطقوس الدينية. يتكون مبنى المتحف من طابق واحد يضم نموذجاً لمقبرة تماسيح، وعدداً كبيراً من مومياوات التماسيح مختلفة الأعمار والأحجام، بالإضافة إلى توابيت تم استخدامها لحفظ مومياوات هذا الحيوان المقدس، ولوحات تصور تقديم القرابين لهذا المعبود.,https://mota.gov.eg/ar/%D8%A7%D9%84%D8%A2%D8%AB%D8%A7%D8%B1-%D9%88%D8%A7%D9%84%D9%85%D8%AA%D8%A7%D8%AD%D9%81/%D8%A7%D9%84%D9%85%D8%AC%D9%84%D8%B3-%D8%A7%D9%84%D8%A3%D8%B9%D9%84%D9%89-%D9%84%D9%84%D8%A2%D8%AB%D8%A7%D8%B1/%D8%AF%D9%84%D9%8A%D9%84-%D9%85%D8%AA%D8%A7%D8%AD%D9%81-%D8%A7%D9%84%D8%A2%D8%AB%D8%A7%D8%B1-%D8%A7%D9%84%D9%85%D9%81%D8%AA%D9%88%D8%AD%D8%A9-%D9%84%D9%84%D8%B2%D9%8A%D8%A7%D8%B1%D8%A9-%D8%AC%D8%AF%D9%8A%D8%AF/%D9%85%D8%AA%D8%AD%D9%81-%D8%A7%D9%84%D8%AA%D9%85%D8%B3%D8%A7%D8%AD/
متحف طنطا,"الغربية
شارع مصطفى الجندي، طنطا",9 ص,3 م,N/A,N/A,None,"يُعد متحف طنطا أول متحف إقليمي يتم بناءه في مصر في عهد الخديوي عباس حلمي الثاني. بدأت فكرة إنشاء متحف طنطا عام 1913 بمبنى مجلس مدينة طنطا، ولكنه ما لبث أن أُغلق ثم أُعيد افتتاحه عام 1935.  ثم أُغلق مرة أخرى بعد ذلك في خمسينات القرن الماضي. طُرحت فكرة إنشاء المتحف من جديد في أوائل ثمانينات القرن الماضي، وتم الانتهاء من تجهيز المبنى الحالي للمتحف وأُعيد افتتاحه عام 1990، ثم تم إغلاقه لترميمه وتطويره وافتتاحه عام 2019.
يتكون المتحف من خمسة طوابق، خصصت ثلاثة منها لعرض مجموعة متنوعة من المقتنيات الأثرية من مختلف العصور، معظمها من مواقع أثرية بالدلتا مثل تل الفراعين، صا الحجر، صان الحجر، تل بسطا، قويسنا، وبهبيت الحجارة. ومن أبرز القطع المعروضة تمثال من البازلت للملك نفرتيس الأول من عصر الأسرة التاسعة والعشرين، وخزانات عرض تحتوي على عملات ذهبية وفضية وبرونزية من العصور اليونانية والرومانية والإسلامية.",https://mota.gov.eg/ar/%D8%A7%D9%84%D8%A2%D8%AB%D8%A7%D8%B1-%D9%88%D8%A7%D9%84%D9%85%D8%AA%D8%A7%D8%AD%D9%81/%D8%A7%D9%84%D9%85%D8%AC%D9%84%D8%B3-%D8%A7%D9%84%D8%A3%D8%B9%D9%84%D9%89-%D9%84%D9%84%D8%A2%D8%AB%D8%A7%D8%B1/%D8%AF%D9%84%D9%8A%D9%84-%D9%85%D8%AA%D8%A7%D8%AD%D9%81-%D8%A7%D9%84%D8%A2%D8%AB%D8%A7%D8%B1-%D8%A7%D9%84%D9%85%D9%81%D8%AA%D9%88%D8%AD%D8%A9-%D9%84%D9%84%D8%B2%D9%8A%D8%A7%D8%B1%D8%A9-%D8%AC%D8%AF%D9%8A%D8%AF/%D9%85%D8%AA%D8%AD%D9%81-%D8%B7%D9%86%D8%B7%D8%A7/
متحف الأقصر,"الأقصر
كورنيش النيل، الأقصر",المواعيد الصباحية  9 ص,2 م، المواعيد المسائية من 5 م,EGP 400,EGP 200,https://egymonuments.com/details/LuxorMuseum,"يُعد متحف الأقصر من أجمل المتاحف الإقليمية في مصر وأحد الأماكن السياحية التي يتردد عليها الزائرين من السائحين والمصريين. بدأت فكره إنشاء المتحف وافتتاحه عام 1975، لإعادة إحياء الفن بمدينة طيبة القديمة، ثم أُضيفت إليه قاعة جديدة عام 1984، وتم افتتاح قاعة الخبيئة عام 1991، وقاعة مجد طيبة عام 2004.
يتكون مبنى المتحف من طابقين صُمما ليأخذا الزائر في جولة بداخلهما تبدأ بممر صاعد يقع ناحية اليمين وينتهي به إلى صالة علوية متصلة بممر هابط من الناحية الأخرى للمتحف يعيده لنقطة البداية. يضم المتحف مجموعة مميزة من القطع الأثرية من عصور ما قبل التاريخ، والعصور المصرية القديمة مع التركيز على فترة الدولة الحديثة، ثم العصرين اليوناني والروماني، فضلاً عن القطع الأثرية المعبرة عن الفن القبطي والإسلامي.",https://mota.gov.eg/ar/%D8%A7%D9%84%D8%A2%D8%AB%D8%A7%D8%B1-%D9%88%D8%A7%D9%84%D9%85%D8%AA%D8%A7%D8%AD%D9%81/%D8%A7%D9%84%D9%85%D8%AC%D9%84%D8%B3-%D8%A7%D9%84%D8%A3%D8%B9%D9%84%D9%89-%D9%84%D9%84%D8%A2%D8%AB%D8%A7%D8%B1/%D8%AF%D9%84%D9%8A%D9%84-%D9%85%D8%AA%D8%A7%D8%AD%D9%81-%D8%A7%D9%84%D8%A2%D8%AB%D8%A7%D8%B1-%D8%A7%D9%84%D9%85%D9%81%D8%AA%D9%88%D8%AD%D8%A9-%D9%84%D9%84%D8%B2%D9%8A%D8%A7%D8%B1%D8%A9-%D8%AC%D8%AF%D9%8A%D8%AF/%D9%85%D8%AA%D8%AD%D9%81-%D8%A7%D9%84%D8%A3%D9%82%D8%B5%D8%B1/
متحف كفر الشيخ,"كفر الشيخ
حديقة صنعاء، كفرالشيخ",9 ص,4 م,EGP 220,EGP 110,https://egymonuments.com/details/KafrElshaikh,"يُعد متحف كفر الشيخ النافذة التي تسلط الضوء على التُراث الثقافي والحضاري لمحافظة كفر الشيخ باعتبارها أحد أهم محافظات الوجه البحري من الناحية الأثرية، حيث تحتوي على العديد من المواقع الأثرية التي ترجع إلى مختلف العصور من أبرزها مدينتي بوتو وسخا. ترجع فكرة إنشاء المتحف إلى عام 1992، عندما خصصت المحافظة قطعة أرض لبنائه، وفي عام 2017 تم توقيع بروتوكول تعاون بشأنه بين وزارة الآثار ومحافظة كفر الشيخ، وتفضل فخامة رئيس الجمهورية بافتتاحه، عبر الفيديو كونفرانس، عام 2020.
يتكون المتحف من طابق واحد يعرض مجموعة من المقتنيات الأثرية التي تم العثور عليها في مدينة بوتو القديمة وغيرها من المواقع الأثرية بكفر الشيخ، بالإضافة إلى عرض تاريخ العلوم خلال العصور التاريخية المختلفة كالطب البشري والبيطري والصيدلة، وكذلك بعض الموضوعات ذات الصلة بمدينة فوه ذات التراث الإسلامي الثري.",https://mota.gov.eg/ar/%D8%A7%D9%84%D8%A2%D8%AB%D8%A7%D8%B1-%D9%88%D8%A7%D9%84%D9%85%D8%AA%D8%A7%D8%AD%D9%81/%D8%A7%D9%84%D9%85%D8%AC%D9%84%D8%B3-%D8%A7%D9%84%D8%A3%D8%B9%D9%84%D9%89-%D9%84%D9%84%D8%A2%D8%AB%D8%A7%D8%B1/%D8%AF%D9%84%D9%8A%D9%84-%D9%85%D8%AA%D8%A7%D8%AD%D9%81-%D8%A7%D9%84%D8%A2%D8%AB%D8%A7%D8%B1-%D8%A7%D9%84%D9%85%D9%81%D8%AA%D9%88%D8%AD%D8%A9-%D9%84%D9%84%D8%B2%D9%8A%D8%A7%D8%B1%D8%A9-%D8%AC%D8%AF%D9%8A%D8%AF/%D9%85%D8%AA%D8%AD%D9%81-%D9%83%D9%81%D8%B1-%D8%A7%D9%84%D8%B4%D9%8A%D8%AE/
متحف مطار القاهرة الدولي صالة ٣,"القاهرة
صالة 3، مطار القاهرة الدولي",على مدار 24 ساعة,على مدار 24 ساعة,N/A,N/A,None,"يُعد متحف مطار القاهرة الدولي صالة 3 النافذة الأولى للزائرين والوافدين ومسافري الترانزيت للتعريف بكنوز مصر الأثرية وحضارتها العريقة، كما أنه أحد آليات الترويج لمنتج السياحة الثقافية ورفع الوعي الأثري لدى المواطنين.
بدأت فكرة إنشاء المتحف وافتتاحه عام 2016، بالتعاون مع وزارة الطيران المدني. وفي عام 2020 تم نقل محتويات المتحف إلى قاعة أخرى بصالة 3 بهدف توسعته وعرض المزيد من القطع الأثرية، وأُعيد افتتاحه عام 2021، بمناسبة الاحتفال بيوم المتاحف العالمي.
يتكون المتحف من قاعة عرض واحدة تضم مجموعة من أبرز القطع الأثرية التي تعكس الأوجه المختلفة للحضارة المصرية العريقة عبر العصور التاريخية المختلفة، منها مومياوات مغطاة بأقنعة مذهبة ومزينة، ومجموعة من تماثيل الآلهة المصرية القديمة، والأواني الكانوبية والمسارج، والأيقونات.",https://mota.gov.eg/ar/%D8%A7%D9%84%D8%A2%D8%AB%D8%A7%D8%B1-%D9%88%D8%A7%D9%84%D9%85%D8%AA%D8%A7%D8%AD%D9%81/%D8%A7%D9%84%D9%85%D8%AC%D9%84%D8%B3-%D8%A7%D9%84%D8%A3%D8%B9%D9%84%D9%89-%D9%84%D9%84%D8%A2%D8%AB%D8%A7%D8%B1/%D8%AF%D9%84%D9%8A%D9%84-%D9%85%D8%AA%D8%A7%D8%AD%D9%81-%D8%A7%D9%84%D8%A2%D8%AB%D8%A7%D8%B1-%D8%A7%D9%84%D9%85%D9%81%D8%AA%D9%88%D8%AD%D8%A9-%D9%84%D9%84%D8%B2%D9%8A%D8%A7%D8%B1%D8%A9-%D8%AC%D8%AF%D9%8A%D8%AF/%D9%85%D8%AA%D8%AD%D9%81-%D9%85%D8%B7%D8%A7%D8%B1-%D8%A7%D9%84%D9%82%D8%A7%D9%87%D8%B1%D8%A9-%D8%A7%D9%84%D8%AF%D9%88%D9%84%D9%8A-%D8%B5%D8%A7%D9%84%D8%A9-%D9%A3/
متحف ملوي,"المنيا
شارع الجلاء، ملوي",9 ص,3 م,EGP 120,EGP 60,https://egymonuments.com/details/MalawyMuseum,"يُعد متحف ملوي أحد أهم المتاحف الإقليمية في صعيد مصر ليروي تاريخ مدينة ملوي التي تتميز بثراء مواقعها الأثرية نتيجة لتعاقب الحضارات المختلفة بها سواء المصرية القديمة، اليونانية، الرومانية، القبطية، والإسلامية. بدأت فكرة إنشاء المتحف وافتتاحه أول مره عام 1963، ثم أُعيد افتتاحه مره أخرى عام 2016، بعد الانتهاء من إعادة ترميمه وتطويره وتأهيله، بعد تعرضه للتخريب والسرقة في أعقاب أعمال العنف التي شهدتها البلاد عام 2013. كما تم استعادة حوالي 90% من مقتنيات المتحف المسروقة وتم إدراج باقي القطع المسروقة على القائمة الحمراء لمنظمة الأمم المتحدة للتربية العلوم والثقافة (اليونسكو).
يتكون المتحف من مبنى من دور واحد يضم مجموعة من المقتنيات الأثرية من مختلف العصور التاريخية القديمة، من أبرزها تمثال إحدى بنات الملك أخناتون من عصر الأسرة الثامنة عشر، ومحتويات مقبره حنو التي تم اكتشافها في دير البرشا، وبعض المقتنيات النادرة لنماذج من الحياة اليومية، فضلاً عن مجموعة من التماثيل البرونزية والخشبية، وتمائم القاشاني لمعبودات مختلفة.",https://mota.gov.eg/ar/%D8%A7%D9%84%D8%A2%D8%AB%D8%A7%D8%B1-%D9%88%D8%A7%D9%84%D9%85%D8%AA%D8%A7%D8%AD%D9%81/%D8%A7%D9%84%D9%85%D8%AC%D9%84%D8%B3-%D8%A7%D9%84%D8%A3%D8%B9%D9%84%D9%89-%D9%84%D9%84%D8%A2%D8%AB%D8%A7%D8%B1/%D8%AF%D9%84%D9%8A%D9%84-%D9%85%D8%AA%D8%A7%D8%AD%D9%81-%D8%A7%D9%84%D8%A2%D8%AB%D8%A7%D8%B1-%D8%A7%D9%84%D9%85%D9%81%D8%AA%D9%88%D8%AD%D8%A9-%D9%84%D9%84%D8%B2%D9%8A%D8%A7%D8%B1%D8%A9-%D8%AC%D8%AF%D9%8A%D8%AF/%D9%85%D8%AA%D8%AD%D9%81-%D9%85%D9%84%D9%88%D9%8A/
متحف الفن الإسلامي,"القاهرة
شارع بورسعيد، ميدان باب الخلق",9 ص,5 م,EGP 340,EGP 170,https://egymonuments.com/details/IslamicMuseum,يُعد متحف الفن الإسلامي أكبر متحف للآثار الإسلامية في العالم، يعرض مجموعات متنوعة من الفنون الإسلامية من مصر، الهند، الصين، الأندلس، الشام، الجزيرة العربية، شمال إفريقيا، وغيرها من بلاد العالم الإسلامي. بدأت فكرة إنشائه في عهد الخديوي إسماعيل عام 1869، وافتتحه الخديوي عباس حلمي الثاني عام 1903. تم إغلاق المتحف لتطويره عام 2003، وإعادة افتتاحه عام 2010. تضرر مبني المتحف وحوالي 179 قطعة من مقتنياته عام 2014، إِثر حادث تفجير مبنى مديرية أمن القاهرة المواجهة له، حيث تم إغلاق المتحف والانتهاء من مشروع ترميمه وتطويره، وتفضل فخامة رئيس الجمهورية بإعادة افتتاحه عام 2017. يضم المتحف أكبر مجموعة لقطع أثرية من الفنون الإسلامية من مختلف أنحاء العالم الإسلامي، تنوعت موضوعاتها من فلك وطب وعمارة وغيرها، كما تنوعت مواد صناعتها من أعمال خشبية وقطع خزفية مزينة ومخطوطات، ويُعد مفتاح الكعبة الذي يرجع إلى العصر المملوكي من أهم كنوز المتحف.,https://mota.gov.eg/ar/%D8%A7%D9%84%D8%A2%D8%AB%D8%A7%D8%B1-%D9%88%D8%A7%D9%84%D9%85%D8%AA%D8%A7%D8%AD%D9%81/%D8%A7%D9%84%D9%85%D8%AC%D9%84%D8%B3-%D8%A7%D9%84%D8%A3%D8%B9%D9%84%D9%89-%D9%84%D9%84%D8%A2%D8%AB%D8%A7%D8%B1/%D8%AF%D9%84%D9%8A%D9%84-%D9%85%D8%AA%D8%A7%D8%AD%D9%81-%D8%A7%D9%84%D8%A2%D8%AB%D8%A7%D8%B1-%D8%A7%D9%84%D9%85%D9%81%D8%AA%D9%88%D8%AD%D8%A9-%D9%84%D9%84%D8%B2%D9%8A%D8%A7%D8%B1%D8%A9-%D8%AC%D8%AF%D9%8A%D8%AF/%D9%85%D8%AA%D8%AD%D9%81-%D8%A7%D9%84%D9%81%D9%86-%D8%A7%D9%84%D8%A5%D8%B3%D9%84%D8%A7%D9%85%D9%8A/
متحف مطار القاهرة الدولي صالة ٢,"القاهرة
صالة 2، مطار القاهرة الدولي",على مدار 24 ساعة,على مدار 24 ساعة,N/A,N/A,None,"يُعد متحف مطار القاهرة الدولي صالة 2 أحد وسائل تنشيط الحركة السياحية الوافدة إلى مصر، خاصة منتج السياحة الثقافية.
بدأت فكرة إنشاء المتحف عام 2020، في إطار الجهود المبذولة والمبادرات والرؤى من أجل تنشيط الحركة السياحية الوافدة إلى مصر وإبراز عراقة حضارتها القديمة. وقد أقيم المتحف بالتعاون مع وزارة الطيران المدني وتم افتتاحه عام 2021.
يضم المتحف عدد من القطع الأثرية التي تعكس اهتمام المصري القديم بالعالم الآخر كمحطة للحياة الأبدية، بالإضافة إلى إبراز السمات الفنية للعصور المصرية القديمة، الرومانية، اليونانية، القبطية، الإسلامية، والعصر الحديث، فضلاً عن قطع تُبرز كينونة مصر كمهد لكافة الأديان السماوية التي اجتمعت تحت ظلالها في سلام وتناغم، من بينها مجموعة من الأيقونات، والعملات، والمصاحف، والأطباق المزخرفة.",https://mota.gov.eg/ar/%D8%A7%D9%84%D8%A2%D8%AB%D8%A7%D8%B1-%D9%88%D8%A7%D9%84%D9%85%D8%AA%D8%A7%D8%AD%D9%81/%D8%A7%D9%84%D9%85%D8%AC%D9%84%D8%B3-%D8%A7%D9%84%D8%A3%D8%B9%D9%84%D9%89-%D9%84%D9%84%D8%A2%D8%AB%D8%A7%D8%B1/%D8%AF%D9%84%D9%8A%D9%84-%D9%85%D8%AA%D8%A7%D8%AD%D9%81-%D8%A7%D9%84%D8%A2%D8%AB%D8%A7%D8%B1-%D8%A7%D9%84%D9%85%D9%81%D8%AA%D9%88%D8%AD%D8%A9-%D9%84%D9%84%D8%B2%D9%8A%D8%A7%D8%B1%D8%A9-%D8%AC%D8%AF%D9%8A%D8%AF/%D9%85%D8%AA%D8%AD%D9%81-%D9%85%D8%B7%D8%A7%D8%B1-%D8%A7%D9%84%D9%82%D8%A7%D9%87%D8%B1%D8%A9-%D8%A7%D9%84%D8%AF%D9%88%D9%84%D9%8A-%D8%B5%D8%A7%D9%84%D8%A9-%D9%A2/
متحف أسوان الملحق,"أسوان
جزيرة إلفنتين، أسوان",8 ص,5 م,N/A,N/A,None,"يُعد ملحق متحف أسوان أحد متاحف المواقع، حيث يوجد في منطقة أثرية وتحيط به مجموعة من المعابد وكذلك مقياس النيل. بدأت فكرة إنشاء المتحف وافتتاحه عام 2017، ليعرض مجموعة متميزة من القطع الأثرية نتاج حفائر البعثة الأثرية الألمانية العاملة بجزيرة إلفنتين منذ عام 1969 وحتى عام 1998.
يتكون مبنى المتحف من طابق واحد ملحق بمتحف أسوان ليضم صالة عرض كبيرة تم تقسيمها بحسب الموضوعات المختلفة منها الحلي، أدوات الزينة، التجارة، الصناعة، الصيد، والكتابة، حيث تنوعت مقتنياته الأثرية ما بين أواني حجرية، لوحات جنائزية، مجموعة من الأثاث الجنائزي، تماثيل ملكية، وتمائم، بالإضافة إلى مجموعة من العملات من العصر اليوناني الروماني.",https://mota.gov.eg/ar/%D8%A7%D9%84%D8%A2%D8%AB%D8%A7%D8%B1-%D9%88%D8%A7%D9%84%D9%85%D8%AA%D8%A7%D8%AD%D9%81/%D8%A7%D9%84%D9%85%D8%AC%D9%84%D8%B3-%D8%A7%D9%84%D8%A3%D8%B9%D9%84%D9%89-%D9%84%D9%84%D8%A2%D8%AB%D8%A7%D8%B1/%D8%AF%D9%84%D9%8A%D9%84-%D9%85%D8%AA%D8%A7%D8%AD%D9%81-%D8%A7%D9%84%D8%A2%D8%AB%D8%A7%D8%B1-%D8%A7%D9%84%D9%85%D9%81%D8%AA%D9%88%D8%AD%D8%A9-%D9%84%D9%84%D8%B2%D9%8A%D8%A7%D8%B1%D8%A9-%D8%AC%D8%AF%D9%8A%D8%AF/%D9%85%D8%AA%D8%AD%D9%81-%D8%A3%D8%B3%D9%88%D8%A7%D9%86-%D8%A7%D9%84%D9%85%D9%84%D8%AD%D9%82/
