Restaurant_Name,Governorate,District,Address_Details,Phone
قرية ستو,القاهرة.,القاهرة الجديدة,", مدخل الغابة المتحجرة, التجمع الخامس",N/A
مطعم الفرخجي,الاسكندرية.,سموحة,ش اسماعيل سرى,N/A
مطعم هرم الحمام,"الاسكندرية.
جميع الفروع
❯",سيدى جابر,ش المشير - مول سيتى سكوير,N/A
اسماك المنشاوى,الجيزة.,الهرم,", عمارة 306 د, حدائق الاهرام",N/A
المحمدى,"الدقهلية.
جميع الفروع
❯",المنصورة,"ش سكة سندوب, ميدان الشيخ حسنين",N/A
امواج للماكولات البحرية,القاهرة.,مدينة نصر,5 ش محمد حسنين هيكل,N/A
بيتزا باستا,الجيزة.,فيصل,45 ش المطبعة,N/A
ساكورا سوشى,القاهرة.,المعادى,"15 ش 231, دجلة",N/A
سلسلة مطاعم الحاتى,"القاهرة.
جميع الفروع
❯",حدائق القبة,127 ش مصر والسودان,N/A
مطعم ابو العز,"القاهرة.
جميع الفروع
❯",مدينة نصر,35 ش عباس العقاد,N/A
مطعم نور الصباح,القاهرة.,دار السلام,151 ش الفيوم,N/A
10 بلدى,القاهرة.,مدينة نصر,"74 ش حسن المأمون, الحى الثامن",N/A
10 منيت كوفى,"القاهرة.
جميع الفروع
❯",حلوان,"14 ش مصطفى صفوت, تقاطع ش صالح صبحى",N/A
100 كرش,الدقهلية.,المنصورة,ش الجمهورية,N/A
101 كوفى شوب,القاهرة.,مدينة نصر,"4 ش محمود خيرى, المنطقة الاولى",N/A
1122 بار,القاهرة.,مصر الجديدة,"ش عبد الحميد بدوى, مساكن شيراتون",N/A
128 كافيه,دمياط.,دمياط الجديدة,ش 15,N/A
147 سوهو,القاهرة.,القاهرة الجديدة,"ش التسعين - الدور 2, التجمع الخامس",N/A
1902,اسوان.,وسط البلد,ش ابطال التحرير,N/A
1980 كوفى,"الجيزة.
جميع الفروع
❯",السادس من اكتوبر,"40, محور 26 يوليو, الشيخ زايد",N/A
2 كبدة وسجق,الغربية.,المحلة الكبرى,ش الفريق رضا حافظ,N/A
23 يوليو,بنى سويف.,بنى سويف,ش 23 يوليو,N/A
24 دوجز,القاهرة.,المعادى,62 ش 9,N/A
3 شيفس,الجيزة.,الهرم,"ش ابو الهول السياحى, مشعل",N/A
360 ستريت فود,الجيزة.,الهرم,"ش المجزر الالى, المريوطية",N/A
4 ام كريب,القاهرة.,القاهرة الجديدة,ش التسعين,N/A
41 ايس كريم,"القاهرة.
جميع الفروع
❯",مصر الجديدة,"4 ش ابراهيم, الكوربة",N/A
5 نجوم,الجيزة.,فيصل,114 ش ترعة الزمر - ابو قتادة,N/A
64 بار,شرم الشيخ.,خليج نعمة,الممشى السياحى,N/A
64 درب سعادة,القاهرة.,مدينة الرحاب,", الرحاب 2 - السوق الشرقى",N/A
68 جيتس,الاسكندرية.,سموحة,ش عصام حلمى تقاطع ش ادموند فيرمونت,N/A
8 باك,القاهرة.,مصر الجديدة,"ش عمر بن الخطاب, الماظة",N/A
900 دجريز,"القاهرة.
جميع الفروع
❯",القاهرة الجديدة,"القطعة A ش التسعين الجنوبى, مركز المدينة, التجمع الخامس",N/A
911,"الغربية.
جميع الفروع
❯",طنطا,سور الاستاد ش الجيش,N/A
اب تاون,القليوبية.,الخانكة,ش المحكمة الجديدة,N/A
اب تاون بوب,شرم الشيخ.,خليج نبق,الغرقانة,N/A
اب تاون كافيه,القاهرة.,وسط البلد,33 ش طلعت حرب,N/A
اب ستيرز ريستوران,الجونة.,وسط البلد,ش ايناس الدغيدى,N/A
اب ستيريز كافيه,القاهرة.,مدينة نصر,"ش انور المفتى, المنطقة الاولى",N/A
اب نورمال,الجيزة.,السادس من اكتوبر,"15 ش الشهداء, الحى الاول",N/A
اباتشى تشيكن,الجيزة. جميع الفروع❯,الهرم,116 ش الاهرام,N/A
اباظة كافيه,الاسكندرية.,سبورتنج,78 طريق الجيش,N/A
ابر ديك لاونج,القاهرة.,جاردن سيتى,1089 كورنيش النيل,N/A
ابراهيم الشرقاوى,القاهرة.,المرج,27 ش فوزى عبد المقصود,N/A
ابراهيم حسن العربى,الشرقية.,الزقازيق,ش المكاتب,N/A
ابراهيم غريب,القاهرة.,دار السلام,120 طريق مصر حلوان الزراعى,N/A
ابرو كافيه,الاسكندرية.,طريق الاسكندرية القاهرة الصحراوى,كم 6 -,N/A
ابل كافيه,القاهرة.,المقطم,420 د ش 9,N/A
ابلز,القاهرة.,مدينة نصر,ش الصناعة متفرع من ش عباس العقاد,N/A
ابلز,الغربية. جميع الفروع❯,طنطا,ش المعتصم,N/A
ابن البحر,الجيزة.,بولاق الدكرور,211 ش ترعة عبد العال 1 - صفط اللبن,N/A
ابن البلد,القاهرة.,مدينة نصر,"43 ش ابراهيم نوار, المنطقة السادسة",N/A
ابن البلد,القاهرة.,شبرا,27 ش الحافظية,N/A
ابن البلد,القاهرة.,مدينة الرحاب,السوق التجارى,N/A
ابن البلد,القاهرة.,عابدين,11 ش ارض شريف,N/A
ابن البلد,القاهرة.,الزاوية الحمراء,ش المستشفى,N/A
ابن البلد,القليوبية.,شبرا الخيمة,ش الوحدة,N/A
ابن البلد تيك اواى,الجيزة.,بولاق الدكرور,8 ش الشريف متفرع من ش الجامع البحرى,N/A
ابن البلد للوجبات السريعة,دهب.,المسبط,ش المشربة,N/A
ابن الحتة,القاهرة.,مصر الجديدة,"22 ش صلاح الدين, روكسى",N/A
ابن الحتة,الجيزة.,الدقى,29 ش سليمان جوهر,N/A
ابن العرب,الجيزة.,الهرم,2 ش جعفر,N/A
ابن القلج,القليوبية.,ابو زعبل,ش شرق السكة الحديد,N/A
ابن القليوبية,القاهرة.,عين شمس الشرقية,78 ش العشرين - تقسيم الاباصيرى,N/A
ابن حراز,القليوبية.,ابو زعبل,ش السكة الحديد ميدان المحطة,N/A
ابن حلال كوفى شوب,القاهرة.,عزبة النخل,77 ش الترعة التوفيقية,N/A
ابن حلب للمأكولات السورية,القاهرة.,مصر الجديدة,"3 ش فريد سميكة, ميدان الحجاز",N/A
ابن حميدو,القاهرة.,حدائق حلوان,56 ش جمال عبد الناصر,N/A
ابن حميدو,الاسكندرية. جميع الفروع❯,جليم,طريق الجيش,N/A
ابن حميدو القبطان,القاهرة. جميع الفروع❯,مدينة نصر,"15 ش البطراوى, المنطقة الاولى",N/A
ابن حميدو للاسماك,الاسكندرية.,كليوباترا,57 ش عزيز فهمى - ش الزنانيرى سابقا,N/A
ابن حميدو للماكولات البحرية,القاهرة.,عين شمس الشرقية,174 ش العشرين,N/A
ابن حميدو للمأكولات البحرية,القاهرة.,مصر الجديدة,"15 ش الجبرتى, متفرع من ش الخليفة المأمون, منشية البكرى",N/A
ابن زهران,الغربية.,السنطة,ش الجمهورية,N/A
ابناء الشرقية,القاهرة.,حلوان,36 ش عزبة الوالدة - عزبة الوالدة,N/A
ابناء الشرقية,الجيزة.,كرداسة,51 ش السادات,N/A
ابناء الصعيد,القاهرة.,البساتين,ش مهران,N/A
ابناء المحلة,الغربية.,قطور,ش الجيش,N/A
ابناء المحلة الكبرى,كفر الشيخ.,قلين,ش جمال عبد الناصر,N/A
ابناء المليجى,الجيزة.,الهرم,"7 ش جواد حسنى, الكوم الاخضر",N/A
ابناء الواحة,القاهرة.,المعادى,عمارات صقر قريش -,N/A
ابناء سوهاج,القاهرة.,الزاوية الحمراء,ش الامام العبد,N/A
ابناء سوهاج,القليوبية.,شبرا الخيمة,2 ش الفاتح,N/A
ابناء سوهاج,المنوفية.,شبين الكوم,7 ش طلعت حرب,N/A
ابناء سوهاج كوفى شوب,الجيزة.,امبابة,37 ش ترعة بشتيل - المنيرة الغربية,N/A
ابناء سوهاج للعصائر,الجيزة.,المنيب,2 ش المدرسة,N/A
ابناء سوهاج للعصائر,الجيزة.,الهرم,"67 ش د. محمد فؤاد سعيد, العمرانية الغربية",N/A
ابناء فرغلى,القاهرة.,جسر السويس,1 ش الاربعين,N/A
ابو احمد,القاهرة.,حدائق القبة,ش ترعة القبة,N/A
ابو احمد,القاهرة.,عباسية,81 ش احمد سعيد,N/A
ابو احمد,القاهرة.,المعادى,"1 ش فتح الله على, حدائق المعادى",N/A
ابو احمد,القاهرة.,المعادى,عمارات صقر قريش -,N/A
ابو احمد,الشرقية.,اولاد صقر,ش البحر,N/A
ابو احمد,القليوبية.,قليوب,ش العراقى,N/A
ابو ادهم للمشويات,الجيزة.,العياط,30 ش المدبح,N/A
ابو اسلام,الجيزة.,فيصل,61 ش المنشية,N/A
ابو اسلام,الجيزة.,فيصل,ش على ابو زيد,N/A
ابو اسلام,الجيزة.,الهرم,170 ش محمد سالم,N/A
ابو اسلام,الجيزة.,المهندسين,ش عبد الفتاح جوهر,N/A
ابو اسماء للوجبات السريعة,القاهرة.,مدينة نصر,15 ش عبد الرازق السنهورى,N/A
ابو اسماعيل,الجيزة.,امبابة,32 ش ابو بكر الصديق,N/A
ابو اسماعيل للمشويات,الاسكندرية.,كليوباترا حمامات,53 ش سيدى جابر,N/A
ابو اشرف,القاهرة.,الزاوية الحمراء,ش العاشر من رمضان,N/A
ابو اصف الدمشقى,القاهرة.,مدينة نصر,"6 عمارات المبعوثين - ش حسن المأمون, المنطقة السادسة",N/A
ابو الحبايب,القاهرة.,حلوان,24 ش شريف,N/A
ابو الحسن,القاهرة.,المرج,ش التروللى,N/A
ابو الحسن,الجيزة.,الدقى,"47 ش الزهراء, تقاطع ش يثرب",N/A
ابو الخير,الجيزة. جميع الفروع❯,الهرم,"308 أ ش الثروة المعدنية, حدائق الاهرام",N/A
ابو الدهب,القاهرة.,عين شمس الشرقية,117 ش العشرين,N/A
ابو الدهب,الدقهلية.,ميت غمر,ش احمد عرابى,N/A
ابو الدهب,الجيزة.,الهرم,"18 ش الثلاثينى, الطالبية",N/A
ابو الذهب,القليوبية.,شبرا الخيمة,سور نادى المؤسسة - ميدان المؤسسة,N/A
ابو السيد,الشرقية.,ابو كبير,ش التحرير,N/A
ابو الشام,القاهرة.,السيدة زينب,7 ش قدرى,N/A
ابو الشام,دمياط.,رأس البر,السوق العمومى,N/A
ابو الشام,الجيزة.,السادس من اكتوبر,ابراج الاردنية - - الحى السابع,N/A
ابو الشامية,الجيزة.,السادس من اكتوبر,"المجاورة الخامسة, الحى 12",N/A
ابو الشهيد محمود,الجيزة.,فيصل,ش الملكة,N/A
ابو العربى,القاهرة.,الظاهر,10 ش زهنى,N/A
ابو العربى للماكولات البحرية,القاهرة.,القاهرة الجديدة,"القطعة 100 ش مجمع البنوك, متفرع من ش التسعين, التجمع الخامس",N/A
ابو العز,القاهرة.,السيدة زينب,117 ش بورسعيد,N/A
ابو العز,بور سعيد.,بور فؤاد,ش الجمهورية,N/A
ابو العلا,الشرقية.,ابو كبير,ش سعد زغلول,N/A
ابو الفتوح للمشويات,الاسكندرية.,الهانوفيل,ش الهانوفيل,N/A
ابو الفطاير,القاهرة.,المقطم,ش 9,N/A
ابو الليل,الجيزة.,الهرم,ش المنزل متفرع من ش المنصورية,N/A
ابو المراسى,القاهرة.,المنيل,96 ش المنيل,N/A
ابو المهدى,القاهرة.,البساتين,17 ش على عبد العزيز متفرع من ش فايدة كامل,N/A
ابو النجا,الجيزة.,فيصل,ش حسن ابو النجا,N/A
ابو الهنا نت كافيىة,الجيزة.,الحوامدية,3 ش النور,N/A
ابو اليزيد,الجيزة.,امبابة,"11 ش عسران عبد النعيم, متفرع من ش ترعة السواحل",N/A
ابو امين,الغردقة.,سقالة,ش الخلفاء الراشدين,N/A
ابو ايمن,الجيزة.,فيصل,ش على شيحة,N/A
ابو اية,القليوبية.,شبرا الخيمة,ش ترعة الشابورى,N/A
ابو باسم,القاهرة.,حلوان,ش السكة الحديد - عرب غنيم,N/A
ابو بكر الصديق,القاهرة.,الزاوية الحمراء,ش ابو بكر الصديق,N/A
ابو بكر الصديق,القاهرة.,المرج,ش مؤسسة الزكاة,N/A
ابو بلاسى,الشرقية.,ابو كبير,ش مصطفى كامل ميدان المحطة,N/A
ابو جاسر,القاهرة.,السيدة زينب,حارة حسنى بك,N/A
ابو جاسر,القاهرة.,الجمالية,33 ش الجيش,N/A
ابو جالى,الجيزة.,الهرم,"19 ش حسن محمد, حسن محمد",N/A
ابو جامع,الاسكندرية.,العصافرة قبلى,ش 20 متفرع من ش 45,N/A
ابو جبريل تيك اواى,القاهرة.,شبرا,55 ش جسر البحر,N/A
ابو جبيل للعصائر,الجيزة.,المنيب,137 ش ترعة الزمر,N/A
ابو جمال,القليوبية.,الخصوص,64 ش الخصوص العمومى,N/A
ابو حازم للمشويات,الاسكندرية.,ميدان الساعة,.,N/A
ابو حبيبة,القاهرة.,مدينة السلام,130 مساكن الدلتا 2 -,N/A
ابو حجاج,القاهرة.,المقطم,بلوك 13 - مساكن الاسكندرية -,N/A
ابو حربى,القاهرة.,المعصرة,52 كورنيش النيل,N/A
ابو حربى,الجيزة.,السادس من اكتوبر,"ابراج الامريكية، المحور المركزى, الحى الاول",N/A
ابو حسام,الجيزة.,فيصل,12 ش اسامة ابو عميرة,N/A
ابو حسان,القاهرة.,السيدة زينب,61 ش مجلس الامة,N/A
ابو حسن,الجيزة.,فيصل,ش حمد ياسين,N/A
ابو حسن,الجيزة.,الهرم,60 ش ترسا,N/A
ابو حسين الشرقاوى,القاهرة.,المرج,209 ش مؤسسة الزكاة,N/A
ابو حلا السورى,الاسكندرية.,سموحة,115 عمارات تعاونيات سموحة -,N/A
ابو حلاوة,الشرقية.,ابو كبير,ش التحرير,N/A
ابو حمادة,الجيزة.,ارض اللواء,الطريق الابيض,N/A
ابو حمامة,القاهرة.,عين شمس الشرقية,121 ش ابراهيم عبد الرازق,N/A
ابو حمزة,القليوبية.,شبرا الخيمة,ش المطبعة,N/A
ابو حمزة للبيتزا والفطائر,الجيزة.,الهرم,"26 ش سعد امام, الطالبية",N/A
ابو حمزة للمشويات,القاهرة.,المقطم,"1155 ش هادى جوهر, الحى الاول",N/A
ابو حميد,القاهرة.,جسر السويس,5 ش 18,N/A
ابو حنان للبيتزا والفطائر,الجيزة.,امبابة,6 ش عمر بن الخطاب - المنيرة الغربية,N/A
ابو حنفى,القاهرة.,دار السلام,6 ش جمعة عضيم,N/A
ابو حنفى الكبابجى,القاهرة.,المعادى,"عمارة 109مدينة عباد الرحمن, زهراء المعادى",N/A
ابو حيدر,القاهرة.,مصر الجديدة,"13 ش ابراهيم اللقانى, روكسى",N/A
ابو خالد الحريف,الاسكندرية.,سيدى بشر,12 ش جمال عبد الناصر ميدان فيكتوريا,N/A
ابو خليل,الاسكندرية.,فيكتوريا,1 ش جميلة بوحريد,N/A
ابو درش,الجيزة.,الهرم,"104 ش ترعة الزمر, العمرانية الغربية",N/A
ابو دقة,القاهرة.,مصر الجديدة,"عمارات صقر قريش, مساكن شيراتون",N/A
ابو دنيا تيك اواى,القاهرة.,الزاوية الحمراء,30 ش ترعة الجلاد,N/A
ابو رامز السورى,القاهرة.,المعادى,"16 ش محمد رضا, حدائق المعادى",N/A
ابو رامى,القاهرة.,البساتين,ش الشيخ مفتاح,N/A
ابو راوية,الاسكندرية. جميع الفروع❯,العجمى,طريق العجمى الرئيسى,N/A
ابو ربيع,القاهرة.,الزاوية الحمراء,ش العاشر من رمضان,N/A
ابو ربيع,الجيزة.,فيصل,2 ش سيد عبد الرحمن,N/A
ابو ربيع,الاسكندرية.,فيكتوريا,44 ش الجلاء,N/A
ابو ربيع السورى,الاسكندرية.,ميامى,42 ش الارمن,N/A
ابو رجيلة,القاهرة.,المعصرة,ش مسجد الرحمن,N/A
ابو رحمة,القاهرة.,المقطم,القطعة 8121 -,N/A
ابو رحمة,الجيزة.,السادس من اكتوبر,"46 المجاورة الخامسة, الحى 12",N/A
ابو رحمة,الجيزة.,المهندسين,84 ش السودان,N/A
ابو ردة,الجيزة.,الدقى,16 ش يثرب,N/A
ابو رشدى,القاهرة.,المعادى,"6 ش رشدى متفرع من ش 9, حدائق المعادى",N/A
ابو رضوى,المنوفية.,بركة السبع,ش مدرسة البنات,N/A
ابو رياض للمأكولات السورية,القاهرة.,مدينة نصر,"2 ش عبدالله العربى امتداد ش الطيران, الحى السابع",N/A
ابو زياد,الاسكندرية.,العصافرة,ش 6 اكتوبر,N/A
ابو زياد الكبابجى,الجيزة.,ارض اللواء,27 ش المزرعة متفرع من الطريق الابيض,N/A
ابو زيد للمشويات,الاسكندرية.,زيزينيا,24 ش الرياض,N/A
ابو سارة,الغربية.,قطور,طريق الشين,N/A
ابو ساسا,الغربية.,كفر الزيات,ش الجيش,N/A
ابو سامح,الجيزة.,المهندسين,9 ش 26 يوليو,N/A
ابو سريع,القاهرة.,باب الشعرية,221 ش الجيش,N/A
ابو سعدة,الشرقية.,الابراهيمية,ش الجمهورية,N/A
ابو سعودى,القاهرة.,دار السلام,ش ابراهيم رضوان,N/A
ابو سعيد,القاهرة.,حلوان,ش الوسط - عرب غنيم,N/A
ابو سعيد الشرقاوى,القاهرة.,حدائق القبة,8 ش سكة الوايلى,N/A
ابو سلطان,الساحل الشمالى. جميع الفروع❯,سيدى كرير,كم 34 - ش السنترال,N/A
ابو سليم,القليوبية.,شبرا الخيمة,الشارع الجديد - محطة الفيلا,N/A
ابو سما,القاهرة.,المقطم,134 مساكن الدلتا المفارق -,N/A
ابو سما الشبراوى,الجيزة.,الدقى,45 ش عبد الرحيم باشا صبرى متفرع من ش لطفى حسونة,N/A
ابو سما للمشويات,القاهرة.,المرج,2 ش احمد عبد الوهاب متفرع من ش محمد نجيب,N/A
ابو سماح,القاهرة.,مدينة السلام,25 ش العبد,N/A
ابو سماح,الجيزة.,المنيب,ش ترسا العمومى,N/A
ابو سمرة,القاهرة.,عباسية,ش امتداد رمسيس، ميدان العباسية، ابراج الملتقى - برج 5أ,N/A
ابو سمرة,القليوبية.,القناطر الخيرية,التقسيم السياحى,N/A
ابو سمرة تيك اواى,القاهرة.,قصر العينى,46 ش قصر العينى,N/A
ابو سمرة للمشويات,القاهرة.,مصر القديمة,7 ش ابو السعود,N/A
ابو سنة,الدقهلية.,ميت غمر,ش احمد ماهر,N/A
ابو سيد للفطير,الجيزة.,الحوامدية,7 ش مسجد الصفا,N/A
ابو شادى,الشرقية.,العاشر من رمضان,ش البحث الجنائى - الاردنية,N/A
ابو شادى,الاسكندرية.,فيكتوريا,23 ش جميلة بوحريد,N/A
ابو شادى كريب,الشرقية.,العاشر من رمضان,الاردنية,N/A
ابو شادى للمشويات,القاهرة.,الزيتون,146 ش طومانباى,N/A
ابو شامة,الجيزة.,فيصل,98 ش عمرو بن العاص,N/A
ابو شامة,القليوبية.,القناطر الخيرية,9 كورنيش النيل,N/A
ابو شريف,الجيزة.,امبابة,19 ش الطنانى متفرع من ش ترعة السواحل,N/A
ابو شريف,الغربية.,كفر الزيات,ش جامع السهلى,N/A
ابو شعبان,الشرقية.,بلبيس,ش بورسعيد,N/A
ابو شقرة,القاهرة. جميع الفروع❯,القاهرة الجديدة,"82 ش التسعين الجنوبى, المستثمرين الجنوبية",N/A
ابو شلبى,الجيزة.,فيصل,ش طه ابو النور متفرع من ش فيصل,N/A
ابو شنب,الجيزة.,فيصل,"232 ش فيصل, التعاون",N/A
ابو شهاب,الجيزة.,الهرم,8 ش السكرى,N/A
ابو شهد,الجيزة.,المنيب,ش سيدى جابر - ساقية مكى,N/A
ابو شوشة كافيه,الاسكندرية.,سيدى بشر,91 ش خالد بن الوليد تقاطع ش محمد نجيب,N/A
ابو صابر,الاسكندرية. جميع الفروع❯,ابو يوسف,كم 19.5 - طريق اسكندرية مطروح الصحراوى,N/A
ابو صالح,بنى سويف.,الفشن,ش سعد زغلول,N/A
ابو صفية,الشرقية.,بلبيس,ش بورسعيد,N/A
ابو صلاح السورى,القاهرة.,الزمالك,2 برج طه حسين - ش طه حسين - الدور 2,N/A
ابو صلاح الكبابجى,الجيزة.,البدرشين,ش عباس عنانى,N/A
ابو ضيف,الجيزة.,امبابة,ش محمد عبده,N/A
ابو ضيف السوهاجى,الجيزة.,فيصل,14 ش بلال,N/A
ابو طاجن,القاهرة.,مدينة الرحاب,65 .,N/A
ابو طارق,القاهرة.,المطرية,ش ترعة الهوارى - عزبة شلبى,N/A
ابو طارق,القاهرة.,المعادى,"ش ابو بريك, العرب",N/A
ابو طارق,القاهرة.,الازهر,ش حمام المصبغة,N/A
ابو طارق الكبابجى,الجيزة.,المهندسين,340 ش السودان,N/A
ابو طاقة للعصائر,المنوفية.,شبين الكوم,ش السلطان حسين,N/A
ابو طه,الجيزة.,الهرم,55 ش المحولات,N/A
ابو طه اورينتال,القاهرة.,مدينة الرحاب,السوق التجارى,N/A
ابو ظريفة,القاهرة.,مدينة نصر,3 عمارات رابعة الاستثمارى -,N/A
ابو عادل,الجيزة. جميع الفروع❯,المهندسين,9 ش جامعة الدول العربية,N/A
ابو عادل,الجيزة.,المهندسين,25 - ارض اللواء,N/A
ابو عاصم,القاهرة.,عزبة النخل,1 ش عبد الروؤف,N/A
ابو عامر,القاهرة.,مصر الجديدة,"133 ش النزهة, سانت فاتيما",N/A
ابو عامر,الجيزة.,جزيرة الذهب,ش كولدير تقاطع ش ابراهيم عاشور,N/A
ابو عبد الله,القاهرة.,الزيتون,71 ش بن الحكم,N/A
ابو عبده,الفيوم.,المسلة,ش السلخانة,N/A
ابو عبده,الجيزة.,الهرم,2 ش حسن وهبة,N/A
ابو عبده,الجيزة.,فيصل,123 ش فيصل,N/A
ابو عبده السورى,الجيزة.,الجيزة,51 ش ربيع الجيزى,N/A
ابو عبده تيك اواى,القاهرة.,الزاوية الحمراء,23 ش ترعة الجلاد,N/A
ابو عبده للمشويات,الجيزة.,ابو النمرس,109 ش احمد بدوى,N/A
ابو عبدو الدمشقى,الجيزة.,السادس من اكتوبر,"ش مكة المكرمة المجاورة الاولى, الحى السابع",N/A
ابو عبدو السورى,الجيزة.,الدقى,8 ش الدقى,N/A
ابو عدنان,الجيزة.,فيصل,1 ش المدينة المنورة متفرع من ش الملكة,N/A
ابو عرب الدمشقى,القاهرة.,المنيل,"14 ش دار الصناعة, متفرع من ش الروضة",N/A
ابو عزام,القاهرة.,حلوان,ش مسجد عزام,N/A
ابو عزب تيك اواى,الجيزة.,اوسيم,"5 ش مسجد صلاح الدين, قرية بشتيل",N/A
ابو علاء,الجيزة.,الهرم,313 ش الهرم,N/A
ابو علاء,الجيزة.,الهرم,"5 ش الثلاثينى, الطالبية",N/A
ابو علام,القاهرة.,البساتين,1 ش الامام عبد الكريم متفرع من الشارع الجديد,N/A
ابو على,القاهرة.,سراى القبة,12 ش دار السلام,N/A
ابو على,القاهرة.,الزاوية الحمراء,ش الزهور,N/A
ابو على,القاهرة.,عين شمس الشرقية,1 ش القدس متفرع من ش العشرين - زهراء عين شمس,N/A
ابو على,القاهرة.,عزبة النخل,37 ش النهضة - عزبة النخل الشرقية,N/A
ابو على,القاهرة.,جسر السويس,35 ش جسر السويس,N/A
ابو على,القاهرة.,مدينة نصر,"93 عمارات السويسرى, الحى العاشر",N/A
ابو على,القاهرة.,الزمالك,21 ش محمد مظهر,N/A
ابو على,الشرقية.,الزقازيق,ش بورسعيد,N/A
ابو على,الجيزة.,الدقى,"7 ش حسن رمضان, متفرع من ش الدقى",N/A
ابو على,الجيزة.,السادس من اكتوبر,"54 عمارات ابو الوفا -, الحى السادس",N/A
ابو على,الفيوم.,ابشواى,ش المحكمة الشرعية,N/A
ابو على,الجيزة.,الهرم,"5 ش محمود خليل النحاس, الكوم الاخضر",N/A
ابو على الصعيدى للعصائر,القليوبية.,بهتيم,1 ش عبد المنعم الجمل,N/A
ابو على شيشة كافيه,شرم الشيخ.,شاركس باى,.,N/A
ابو على كافيه,الاسكندرية.,سموحة,طريق 14 مايو,N/A
ابو على كوفى شوب,الجيزة.,اوسيم,"4 ش سعد زغلول, قرية بشتيل",N/A
ابو على للمشويات,الجيزة.,البدرشين,17 ش فخر الدولة,N/A
ابو عماد الكبابجى,"الجيزة.
جميع الفروع
❯",فيصل,"100 أ ش فيصل, المريوطية",N/A
ابو عمار,القاهرة.,الزاوية الحمراء,ش اسامة بن زيد,N/A
ابو عمار,القاهرة.,المعادى,152 ش 9 ميدان دمشق,N/A
ابو عمار,الجيزة.,فيصل,طريق كفر طهرمس,N/A
ابو عمار,الشرقية.,منيا القمح,ش النصر,N/A
ابو عمار الحاتى,القاهرة.,الزيتون,59 ش سليم الاول,N/A
ابو عمار الدمشقى,الجيزة.,الهرم,"186 ش جاردنيا, حدائق الاهرام",N/A
ابو عمار السورى,"الجيزة.
جميع الفروع
❯",المهندسين,"8 ش سوريا, متفرع من ش جامعة الدول العربية",N/A
ابو عمر,القاهرة.,عين شمس,57 ش السد العالى,N/A
ابو عمر,القاهرة.,مدينة قباء,44 ش ابراهيم الخليل,N/A
ابو عمر,الجيزة.,فيصل,"55 ش الثلاثينى، متفرع من طريق كفر طهرمس, الطالبية",N/A
ابو عمر سى فود,بور سعيد.,حى الشرق,ش طرح البحر,N/A
ابو عمرو,الجيزة.,امبابة,2 ش مسجد حلاوة - المنيرة الشرقية,N/A
ابو عمرو تيك اواى,"القاهرة.
جميع الفروع
❯",الخليفة,20 ش الخليفة,N/A
ابو عواد,"الجيزة.
جميع الفروع
❯",امبابة,1 ش الاقصر,N/A
ابو عياد,الشرقية.,بلبيس,ش بورسعيد,N/A
ابو عيد الكبابجى,الجيزة.,اوسيم,"2 ش احمد عبد السلام, متفرع من ش محمد مبروك, قرية بشتيل",N/A
ابو عيد للاسماك,القاهرة.,الشرابية,2 ش الامام الحسينى,N/A
ابو غريب,القاهرة.,الزيتون,90 ش جسر السويس,N/A
ابو غريب,القاهرة.,شبرا,34 ش الترعة الغربى,N/A
ابو غزالة,الجيزة.,الهرم,"ش ترسا, الطالبية",N/A
ابو فادى,الغربية.,السنطة,ش الجمهورية,N/A
ابو فارس للمشويات,الجيزة.,الهرم,"ش محمد يسرى متفرع من ش سعد امام, الطالبية",N/A
ابو فاروق,بنى سويف.,الفشن,ش ابو على متفرع من ش سعد زغلول,N/A
ابو فتفت,الشرقية.,الزقازيق,ش مولد النبى,N/A
ابو فراس,القاهرة.,مدينة نصر,11 ش ابراهيم نوار,N/A
ابو فراس السورى,الاسكندرية.,العصافرة بحرى,ش 45,N/A
ابو فرح,الاسكندرية.,المندرة البحرية,9 ش محمد حسنين هيكل,N/A
ابو فهد,القاهرة.,مدينة نصر,5 عمارات اول مايو -,N/A
ابو فهمى,الجيزة.,السادس من اكتوبر,"المجاورة الخامسة, الحى 11",N/A
ابو فهيم,القاهرة.,عين شمس الشرقية,ش العشرين - زهراء عين شمس,N/A
ابو فواز السورى,القاهرة.,الزيتون,234 ش ترعة الجبل,N/A
ابو قناوى كافية,الاسكندرية.,جليم,"4 ش عدى بن زياد, متفرع من ش الاذاعة",N/A
ابو قير,الاسكندرية.,سموحة,طريق 14 مايو,N/A
ابو كرم,القاهرة.,السيدة زينب,14 ش الكومى متفرع من ش السد,N/A
ابو كريم,القاهرة.,الدرب الاحمر,6 ش العنبرى,N/A
ابو كريم,الجيزة.,فيصل,54 ش المنشية,N/A
ابو كريم,كفر الشيخ.,الرياض,ش ابو حماد,N/A
ابو كريم,المنوفية.,اشمون,1 ش محمد محسن حمد,N/A
ابو كمال,كفر الشيخ.,سيدى سالم,ش 23 يوليو,N/A
ابو كمال,الاسكندرية.,فيكتوريا,5 ش الجلاء,N/A
ابو لسعة,القاهرة.,مدينة نصر,ش يوسف عباس,N/A
ابو ليلة للعصائر,القاهرة. جميع الفروع❯,المقطم,فيلا 13 التجاريين ش 9,N/A
ابو مؤمن,الجيزة.,الحوامدية,ش جمال عبد الناصر,N/A
ابو مازن,القاهرة.,عين شمس,8 ش محمد حسنين,N/A
ابو مازن,القاهرة. جميع الفروع❯,المعادى,"1 ش العدوى متفرع من ش ابراهيم عواد, حدائق المعادى",N/A
ابو مازن,القاهرة.,وسط البلد,30 ش طلعت حرب,N/A
ابو مازن السورى,القاهرة.,مصر الجديدة,"67 ش ابو بكر الصديق, ميدان سفير",N/A
ابو مازن السورى,القاهرة.,القاهرة الجديدة,"منطقة خدمات الحى الاول, التجمع الخامس",N/A
ابو مازن السورى,الجيزة.,الهرم,"116 ز ش الثروة المعدنية, حدائق الاهرام",N/A
ابو مازن للوجبات السريعة,الاسكندرية.,بولكلى,202 ش احمد شوقى,N/A
ابو مالك,الدقهلية.,المنصورة,ش المشاية السفلية,N/A
ابو مجاهد,الجيزة.,امبابة,ش السيد رخا ميدان العمارة - مدينة الامل - بشتيل,N/A
ابو محمد,القاهرة.,المنيل,20 ش الروضة,N/A
ابو محمد,القاهرة.,حلوان,ش ترعة الخشاب - الدواجن,N/A
ابو محمد,الجيزة.,فيصل,75 ش المنشية,N/A
ابو محمد,الجيزة.,فيصل,ش القدس,N/A
ابو محمد,الجيزة.,فيصل,ش المساكن,N/A
ابو محمد,المنوفية.,تلا,ش الشيخ فؤاد,N/A
ابو محمد الكبابجى,القاهرة.,باب الشعرية,476 ش بورسعيد ميدان باب الشعرية,N/A
ابو مروان,الاسكندرية.,السيوف شماعة,ش احمد ابو سليمان,N/A
ابو مروان,الجيزة.,بولاق الدكرور,10 ش ناهية,N/A
ابو مريم كوفى شوب,القليوبية.,شبين القناطر,90 ش بورسعيد,N/A
ابو مسلم للايس كريم,المنوفية.,اشمون,91 ش بورسعيد - سبك الاحد,N/A
ابو مصطفى كوفى شوب,الجيزة.,كرداسة,22 ش سعد زغلول,N/A
ابو ملك,القاهرة.,السيدة عائشة,50 ش الكردى,N/A
ابو ملك,الشرقية.,ابو كبير,ش سعد زغلول,N/A
ابو ملك للمشويات,القاهرة.,حدائق القبة,ش سيد الحلو,N/A
ابو مهاب السورى,القليوبية.,بنها الجديدة,ش الشبان المسلمين - سور نادى بنها الرياضى - محل 3,N/A
ابو موزة,الجيزة.,الجيزة,23 ش خوفو,N/A
ابو نادية,الاسكندرية. جميع الفروع❯,العصافرة قبلى,11 ش الشيخ محمد فخر الدين,N/A
ابو ناصر,الاسكندرية.,محطة الرمل,13 ش الشهداء تقاطع ش الغرفة التجارية,N/A
ابو ناصر,الجيزة.,الهرم,2 ش الدشناوى,N/A
ابو نجيب,الشرقية.,بلبيس,ش بورسعيد,N/A
ابو ندى,القاهرة.,المطرية,79 ش المشروع,N/A
ابو نصار,الجيزة.,الحوامدية,85 ش الجمهورية,N/A
ابو نصار,الجيزة.,بين السرايات,21 ش الشهيد عبد الجواد يوسف,N/A
ابو نواس,القاهرة.,المقطم,مساكن اطلس - ش 9,N/A
ابو نواس,القاهرة.,المعادى,4 ش 104 ميدان الاتحاد,N/A
ابو نواس بار اند بوب,شرم الشيخ.,هضبة ام السيد,ش الموتيلات متفرع من ش مجلس المدينة,N/A
ابو نواس كافيه,الجيزة.,فيصل,146 ش فيصل,N/A
ابو نواس للمخبوزات,الاسكندرية.,بحرى,87 ش رأس التين,N/A
ابو نور,كفر الشيخ.,الحامول,ش المركز,N/A
ابو نوسة,بنى سويف.,الفشن,ش القيسارية,N/A
ابو نوير,الجيزة.,فيصل,ش ترعة الزمر,N/A
ابو هادى,الجيزة.,فيصل,4 ش المنشية,N/A
ابو هريدى,الجيزة.,فيصل,ش العدوى,N/A
ابو هشام للمشويات,الجيزة.,المهندسين,14 ش النقيب سعيد السيد متفرع من ش السودان,N/A
ابو هيثم,القاهرة.,السيدة زينب,"74 ش مجلس الشعب, متفرع من ش بورسعيد",N/A
ابو وحيد الطيب,القاهرة.,شبرا,83 ش الورشة,N/A
ابو وليد,القاهرة.,الظاهر,ش سعد زغلول,N/A
ابو وليد,الجيزة.,امبابة,21 ش العامل الاول,N/A
ابو ياسر السورى,الاسكندرية.,المندرة,ش جمال عبد الناصر - دوران المندرة,N/A
ابو ياسر للمشويات,الجيزة.,الجيزة,180 ش سعد زغلول,N/A
ابو ياسين,الدقهلية.,شربين,ش الجيش,N/A
ابو ياسين السورى,القاهرة.,حلمية الزيتون,97 ش سليم الاول,N/A
ابو ياسين تيك اواى,القاهرة.,مدينة نصر,65 ش احمد حسن الزيات,N/A
ابو يوسف,القاهرة.,السيدة زينب,211 ش بورسعيد,N/A
ابو يوسف,الجيزة.,فيصل,159 ش فيصل,N/A
ابو يوسف,الجيزة.,فيصل,ش عبيدة بن الجراح,N/A
ابو يوسف,البحيرة.,ابو المطامير,ش المدارس,N/A
ابو يوسف,الاسكندرية.,الهانوفيل,كم 17 - طريق اسكندرية مطروح,N/A
ابو يوسف,الجيزة.,فيصل,"1 ش المشربية, الطوابق",N/A
ابو يوسف,القليوبية.,القناطر الخيرية,طريق القناطر الخيرية,N/A
ابو يوسف للمأكولات البحرية,الجيزة.,الهرم,"16 ش ترسا, المريوطية",N/A
ابوكمال,الاسكندرية.,العصافرة,"ش سليمان الفارسى, متفرع من طريق الجيش",N/A
ابولو ايس كريم,القاهرة.,المنيل,114 ش المنيل,N/A
ابيو,الساحل الشمالى.,سيدى عبد الرحمن,كم 126 طريق اسكندرية مطروح الصحراوى,N/A
ات بار,القاهرة.,الزمالك,3 ش سراى الجزيرة,N/A
ات نيثين,شرم الشيخ.,خليج نعمة,طريق السلام,N/A
ات نيثين,شرم الشيخ.,هضبة ام السيد,ش مجلس المدينة,N/A
اتريام,شرم الشيخ.,خليج نعمة,طريق السلام,N/A
اتريام كافيه,شرم الشيخ.,خليج نبق,طريق السلام - الغرقانة,N/A
اتريم,القاهرة.,بولاق,1191 كورنيش النيل,N/A
اتريم بار,سفاجا.,سومة باى,كم 48 - طريق الغردقة سفاجا,N/A
اتس بوظة,الجيزة.,الهرم,"ش العروبة, المريوطية",N/A
اتس بيتزا,القاهرة.,المعادى,ش 77 ميدان سوارس,N/A
اتس كبدة,القاهرة. جميع الفروع❯,مدينة نصر,"26 ش حسنين عبد القادر, متفرع من ش حسن المأمون",N/A
اتسومى سوشى بار,الجيزة.,المهندسين,4 ش الاعناب,N/A
اتش 501 بار,القاهرة.,مصر الجديدة,ش على راشد متفرع من ش عمر بن الخطاب,N/A
اتش بى سموزى اند بيكرى,المنوفية.,تلا,ش النادى,N/A
اتش كربينو,الجيزة.,الهرم,"317, حدائق الاهرام",N/A
اتلانتس,الجيزة.,السادس من اكتوبر,", المحور المركزى, الحى العاشر",N/A
اتلانتس كورنرز,القاهرة.,المنيل,74 ش عبد العزيز ال سعود,N/A
اتيباسى كوفى,الجيزة. جميع الفروع❯,السادس من اكتوبر,طريق الواحات,N/A
اثانور كافيه,دهب.,المسبط,3 ش المليل متفرع من ش الفنار - منطقة لايت هاوس,N/A
اثيل للاغذية والمشروبات,القاهرة.,القاهرة الجديدة,"القطعة 574, المنطقة الصناعية, التجمع الثالث",N/A
اثينا جريك تافيرنا,الجونة.,وسط البلد,ش ايناس الدغيدى - عمارة H4,N/A
اجزكتيف لونج,الساحل الشمالى.,طريق اسكندرية مطروح الصحراوى,كم 23 - محور التعمير - مجمع اليكس ويست,N/A
اجزيكاتيف لونج,شرم الشيخ.,خليج نبق,الغرقانة,N/A
اجزيكتيف لونج,الغردقة.,سهل حشيش,طريق الغردقة سفاجا,N/A
اجياد,الاسماعيلية.,حى السلام,1 ش المستشفى تقاطع ش العشرينى,N/A
احباب الحسين,القاهرة.,الجمالية,ش امير الجيوش,N/A
احباب السيدة,القاهرة.,مدينة السلام,57 مساكن الدلتا -,N/A
احباب السيدة,الجيزة.,فيصل,ش طه ابو النور متفرع من ش فيصل,N/A
احباب النبى,البحيرة.,شبراخيت,ش البوسطة القديمة,N/A
احسن ناس,القاهرة.,مدينة نصر,"92 ش محمد المقريفى, الحى السادس",N/A
احفاد الخديوى,الجيزة.,الهرم,5 ش ايوب,N/A
احلى اكلة,الاسكندرية.,سيدى بشر بحرى,42 ش احمد حافظ متفرع من ش جمال عبد الناصر,N/A
احلى الاوقات كوفى شوب,الجيزة.,اوسيم,67 ش الحرية,N/A
احلى بداية,القاهرة.,الحلمية الجديدة,25 ش الحلمية الجديدة,N/A
احلى حلو,الجيزة.,السادس من اكتوبر,"214 عمارات الضباط -, الفردوس",N/A
احلى ليالى,القاهرة.,البساتين,ش مهران,N/A
احمد الشرقاوى,القاهرة.,السيدة زينب,17 ش طنطاوى جوهر,N/A
احمد الشرقاوى للمشويات,القاهرة.,المرج,22 ش محمد نجيب - مدينة الاحرار,N/A
احمد الكبابجى,الجيزة.,منيل شيحة,67 طريق مصر اسيوط الزراعى,N/A
احمد امين,الدقهلية. جميع الفروع❯,المنصورة,ش العباسى,N/A
احمد انور,القاهرة.,مدينة السلام,بلوك 10 - مساكن الجمهورية -,N/A
احمد حسنين للهريسة,الاسكندرية.,العطارين,43 ش مسجد العطارين,N/A
احمد حلمى,الجيزة.,امبابة,ش العروبة,N/A
احمد ريان,الدقهلية.,المنزلة,الطريق الزراعى,N/A
احمد سعيد,الاسكندرية.,البيطاش,ش عبد الحى الطلخاوى,N/A
احمد كوفى شوب,القاهرة.,حدائق القبة,23 ش احمد عيسى,N/A
احمد محمد حسين ابو شنب,الاسكندرية.,كليوباترا حمامات,18 ش مدحت سيف اليزيل,N/A
احمد منصور,الاسكندرية.,محرم بك,23 ش مسجد الحضرى,N/A
احمد وندا,المنوفية.,اشمون,امتداد ش بورسعيد - سنتريس,N/A
احمودى,القاهرة.,المنيل,86 ش المنيل,N/A
اخر حاجة,القاهرة.,المعادى,"1 ش عبد الله سالم متفرع من ش احمد زكى, حدائق المعادى",N/A
اخر حاجة,الجيزة.,ارض اللواء,10 طريق المعتمدية,N/A
اخر ساعة,القاهرة.,طره,ش طه عبد السلام,N/A
اخر ساعة,الجيزة.,امبابة,ش المطار,N/A
اخر ساعة,الشرقية.,ابو كبير,ش النقراشى,N/A
اخر ساعة اسبشيال,المنيا. جميع الفروع❯,وسط البلد,ابراج الجامعة، ش طه حسين,N/A
اخطبوط,القاهرة.,مصر الجديدة,"108 عمارات صقر قريش -, مساكن شيراتون",N/A
اد اند رول,القاهرة. جميع الفروع❯,الزمالك,2 ش بهجت على متفرع من ش اسماعيل محمد,N/A
اداجيو,الجيزة.,السادس من اكتوبر,ميدان جهينة,N/A
اداجيو بيتزاريا,الغردقة.,الدهار,طريق الكورنيش,N/A
ادامز دونر اند جريل,القاهرة. جميع الفروع❯,مصر الجديدة,3 ش المماليك,N/A
ادامز كافيه,القاهرة.,النزهة الجديدة,53 عمارات الفاروقية - ش جسر السويس,N/A
ادامز لاونج,القاهرة.,مصر الجديدة,"3 عمارات صقر قريش ش عبد الحميد بدوى, مساكن شيراتون",N/A
ادرياتيكا كافيه,مرسى مطروح.,وسط البلد,ش الجلاء,N/A
ادريانو,المنوفية.,شبين الكوم,ش جمال عبد الناصر,N/A
ادريانو كافيه,القاهرة.,المعادى,"8 ج عمارات طيبة ش الزهراء الرئيسى, زهراء المعادى",N/A
ادريس جروب,الاقصر.,الاقصر,1 ش صلاح الدين,N/A
ادريكو,الجيزة.,فيصل,3 ش العمدة,N/A
ادم كافيه,القاهرة.,شبرا,10 ش السلام,N/A
ادم كافيه,الجيزة. جميع الفروع❯,المهندسين,"89 ش السودان, تقاطع ش جامعة الدول العربية",N/A
ادم كريب,القاهرة.,جسر السويس,13 ش عبد المحسن الوسيمى,N/A
ادميرال دانس كلوب,الغردقة.,جنوب الغردقة,كم 8 -,N/A
ادهم بول بار,الاسكندرية.,كينج مريوط,كم 1.5 - طريق برج العرب,N/A
ار اند جيه,القاهرة.,المعادى,"فيلا 6 - ش 263, المعادى الجديدة",N/A
ار اند جيه كافيه,القاهرة. جميع الفروع❯,المعادى,"كورنيش النيل, كورنيش المعادى",N/A
ارابياتا,القاهرة. جميع الفروع❯,مدينة نصر,"ش ذاكر حسين, تقاطع ش الطيران, الحى السابع",N/A
ارابياتا جريل,الاسماعيلية.,الشيخ زايد,", المنطقة السابعة",N/A
ارابيان كافيه,الجيزة. جميع الفروع❯,السادس من اكتوبر,"القطعة 1/1 المحور المركزى, ميدان الحصرى",N/A
ارابيان نايتس,الغردقة.,سقالة,ش الشيراتون,N/A
ارابيان نايتس,شرم الشيخ.,خليج نبق,الغرقانة,N/A
ارابيان نايتس كافيه,الاسكندرية.,ميامى,659 طريق الجيش,N/A
ارابيتا كافيه اند ريستوران,المنوفية.,شبين الكوم,25 ش عاطف السادات,N/A
ارابيسك,القاهرة.,وسط البلد,6 ش قصر النيل,N/A
ارابيسك,مرسى مطروح.,حى القصر,طريق عجيبة - خليج الابيض,N/A
ارابيسك,الغردقة.,طريق القرى,الممشى السياحى,N/A
ارابيسك,شرم الشيخ.,شاركس باى,1 طريق فور سيزونز بوليفارد,N/A
ارابيسك,مرسى علم.,مرسى شجرة,كم 20 طريق مرسى علم القصير,N/A
ارابيسك بار,نويبع.,الميناء,6 طريق الكورنيش التقسيم السياحى,N/A
ارابيسك بار,الغردقة.,طريق القرى,طريق سهل حشيش,N/A
ارابيسك رستوران,الغردقة.,مكادى باى,كم 32 - طريق الغردقة سفاجا,N/A
ارابيك لونج,القاهرة.,مدينة نصر,"3 ش الطيران, متفرع من طريق صلاح سالم",N/A
ارابيكا,القاهرة.,الزمالك,20 ش المرعشلى,N/A
ارابيكا,القاهرة.,مدينة نصر,"10 ش الطاقة متفرع من ش مصطفى النحاس, الحى الثامن",N/A
ارابيكا كافيه,الجيزة.,الهرم,"55 أ ش 5, حدائق الاهرام",N/A
ارام الشام,القاهرة.,القاهرة الجديدة,"القطعة 82 - ش اخناتون - الحى الاول, التجمع الخامس",N/A
اراوند ذا ورلد,الغردقة.,مكادى باى,كم 30 طريق سفاجا الغردقة,N/A
اربيا الشبراوى,"القليوبية.
جميع الفروع
❯",مدينة العبور,18 سور نادى العبور الرياضى,N/A
اربيان نايتس,شرم الشيخ.,خليج نعمة,طريق السلام,N/A
اربيز,"القاهرة.
جميع الفروع
❯",القاهرة الجديدة,", منطقة اللوتس الشمالية, التجمع الخامس",N/A
ارت فيلدج كافيه,الجونة.,وسط البلد,.,N/A
ارت كافية,القاهرة.,المعادى,"ش 306, متفرع من ش فلسطين",N/A
ارت كافيه,اسوان.,وسط البلد,ش كورنيش النيل,N/A
ارجيلا لونج كافيه,الجيزة.,الهرم,"20 ش فاطمة رشدى, العمرانية الغربية",N/A
ارجيلة كافيه,القاهرة.,مدينة نصر,11 ش حسنين هيكل,N/A
ارجيلة كافيه,شرم الشيخ.,خليج نبق,طريق السلام - الغرقانة,N/A
ارز لبنان,"القاهرة.
جميع الفروع
❯",القاهرة الجديدة,"ش التسعين الجنوبى, التجمع الخامس",N/A
ارزاق,القاهرة.,المعادى,"ش محمد نور الدين, العرب",N/A
ارزاق,القاهرة.,المقطم,ش 9,N/A
ارزاق,القاهرة.,مصر الجديدة,"13 ش الصومال, الكوربة",N/A
ارزاق,القاهرة.,عين شمس,ش الزعيم غاندى,N/A
ارزاق,القاهرة.,المرج,21 ش الاسلام - مدينة الصفا,N/A
ارزاق الحاتى,بنى سويف.,حى المديرية,مساكن الشرطة العسكرية - ش عبد السلام عارف,N/A
ارزاق الكوثر,القاهرة.,المعادى,"80 أ طريق مصر حلوان الزراعى, حدائق المعادى",N/A
ارزاق بيتزا,القاهرة.,شبرا,77 ش ترعة جزيرة بدران,N/A
ارشرز كافيه,الجيزة.,المهندسين,"63 ش سوريا, تقاطع ش دمشق",N/A
ارشس بار اند بوب,طابا.,مرتفعات طابا,كم 42 - طريق نويبع طابا,N/A
اركات,القاهرة.,جسر السويس,ش عبد المحسن الوسيمى,N/A
اركان,القاهرة.,شبرا,230 ش الترعة البولاقية,N/A
اركان كافيه,القاهرة.,المقطم,"6479 ش الروضة, متفرع من ش الجامعة الحديثة, الحى الخامس",N/A
اركو رستوران,القاهرة.,مصر الجديدة,"ش عمر بن الخطاب متفرع من ش الثورة, ارض الجولف",N/A
ارمادا كافيه اند ريستورن,الشرقية.,الزقازيق,"ش سعد زغلول, برج النور",N/A
ارماندو ريستوران اند كافيه,القاهرة. جميع الفروع❯,مصر الجديدة,"29 ش احمد تيسير, متفرع من ش الميرغنى, كلية البنات",N/A
ارمانى تيراس,القاهرة.,القاهرة الجديدة,"ش عبد الحميد جودة السحار, البنفسج 2, التجمع الاول",N/A
ارمونيكا,القاهرة.,مدينة نصر,35 ش عبد الرازق السنهورى متفرع من ش مكرم عبيد,N/A
ارورا,شرم الشيخ.,هضبة ام السيد,ش الفنار,N/A
اروما لاونج,القاهرة. جميع الفروع❯,القاهرة الجديدة,"ش العبور متفرع من ش التسعين, التجمع الخامس",N/A
اروما لاونج,الاسكندرية. جميع الفروع❯,الشاطبى,طريق الجيش,N/A
ارومى كافيه,القاهرة.,القاهرة الجديدة,"القطعة 67/68منطقة خدمات الحى الاول, التجمع الخامس",N/A
اريبيا كنافه علي الفحم,القاهرة.,المقطم,القطعة 6036 ش 9,N/A
اريبيان كافيه اند ريستوران,الجيزة. جميع الفروع❯,السادس من اكتوبر,"فيلا 49 - المحور المركزى, الحى الاول",N/A
اريجاتو,القاهرة. جميع الفروع❯,الزمالك,22 ش طه حسين,N/A
اريرانج,القاهرة.,المعادى,"32 ش النادى الجديد, المعادى الجديدة",N/A
اريكا لاونج,الجيزة. جميع الفروع❯,الدقى,"5 ش عبد العزيز سليم, متفرع من ش الثورة",N/A
اريكس كافيه,الغردقة.,وسط البلد,ش الفندق,N/A
اريكة كافيه اند لونج,القاهرة.,مصر الجديدة,"41 ش الشهيد محمد قناية, متفرع من ش جلال الدين الدسوقى, الماظة",N/A
ارينا,الغردقة.,الهضبة,طريق الشيراتون - امام سى جل,N/A
ارينا بار,شرم الشيخ.,خليج باشا,.,N/A
ازاز,الجيزة.,بولاق الدكرور,202 ش ناهيا,N/A
ازمالك كافيه,القاهرة.,مصر الجديدة,44 ش النزهة,N/A
ازور بار,سفاجا.,سومة باى,كم 48 - طريق الغردقة سفاجا,N/A
ازور بار,سفاجا.,طريق القرى,كم 12 - طريق الغردقة سفاجا,N/A
ازور بفريدج بار اند تراس,شرم الشيخ.,خليج نبق,الغرقانة,N/A
ازور كافيه,شرم الشيخ.,خليج نبق,الغرقانة,N/A
ازوريس,دمياط.,رأس البر,26 ش كورنيش النيل,N/A
ازيس,دمياط.,رأس البر,26 ش كورنيش النيل,N/A
اس اند اس الشام,الجيزة.,السادس من اكتوبر,", محور الكفراوى, الحى الاول",N/A
اس اند اى,الاسكندرية.,سموحة,ميدان فيكتور عمانويل,N/A
اسادو ستيك,القاهرة.,مصر الجديدة,5 ش محمد المهدى متفرع من ش نبيل الوقاد,N/A
اسباجتى,القاهرة.,مدينة نصر,19 ش محمد معوض,N/A
اسباجيتى,الجيزة.,السادس من اكتوبر,ابراج سيتى ستار - المحور المركزى,N/A
اسباجيتى باستا,القاهرة.,شبرا,117 ش الترعة البولاقية,N/A
اسبراجوس ريستوران,القاهرة.,القاهرة الجديدة,"الطريق الدائرى, التجمع الاول",N/A
اسبرسو برفيتو كافيه,القاهرة.,القاهرة الجديدة,"القطعة A ش التسعين الجنوبى, مركز المدينة, التجمع الخامس",N/A
اسبرسو بريفيتو,القاهرة.,القاهرة الجديدة,"القطعة A - ش التسعين - مركز المدينة, التجمع الخامس",N/A
اسبرسو كافيه,الاسماعيلية.,الطريق الدائرى,ش الفريق فؤاد عزيز غالى، ميدان فوكس,N/A
اسبرسو لاب,القاهرة. جميع الفروع❯,القاهرة الجديدة,"ش العبور, متفرع من ش التسعين, التجمع الخامس",N/A
اسبرطه كافيه,الجيزة.,الهرم,"65 ش ستوديو مصر, المريوطية",N/A
اسبريسو,الجيزة.,ارض اللواء,6 ش اشرف السباعى,N/A
اسبريسو كافيه,القاهرة.,المقطم,ش 9 - التجاريين - فيلا 16,N/A
اسبريسو كافيه,القاهرة.,مدينة نصر,"17 ش محمد توفيق دياب, المنطقة السادسة",N/A
اسبريسو كافيه,شرم الشيخ.,خليج نبق,الغرقانة,N/A
اسبريسو كوفى شوب,الجيزة.,بولاق الدكرور,2 ش 10,N/A
اسبريسو لاب كافيه,القاهرة.,مدينة نصر,ش عمر بن الخطاب,N/A
استاكوزا,القاهرة.,المعادى,عمارات صقر قريش -,N/A
استاكوزا,القاهرة.,المعادى,4 ش 279، تقاطع ش 262,N/A
استاكوزا,كفر الشيخ.,وسط البلد,ش النبوى المهندس,N/A
استاكوزا,الشرقية.,كفر صقر,ش السنترال,N/A
استاكوزا,الفيوم.,وسط البلد,الشارع الجديد - دار الرماد,N/A
استاكوزا,الغردقة.,طريق القرى,ش شيراتون,N/A
استاكوزا,الساحل الشمالى.,سيدى عبد الرحمن,كم 126، طريق اسكندرية مطروح الصحراوى,N/A
استاكوزا فيش,القاهرة.,مدينة نصر,عمارات خلف العبور - - السوق التجارى,N/A
استاكوزا للمأكولات البحرية,القاهرة. جميع الفروع❯,مدينة نصر,"7 ش اسماعيل القبانى, متفرع من ش الطيران",N/A
استاكوزا للماكولات البحرية,بور سعيد.,حى المناخ,ش 23 يوليو,N/A
استانوفيتا,الجيزة.,الهرم,"ش الامام الشافعى, متفرع من ش الوفاء والامل, المريوطية",N/A
استبينا,القاهرة.,عين شمس الغربية,2 ش حسونة,N/A
استرا كافية,القاهرة.,مدينة نصر,22 ش نجاتى سراج,N/A
استراحة ماستر,البحيرة.,وادى النطرون,كم 106 - طريق القاهرة اسكندرية الصحراوى,N/A
استرو - سيسيليان رووف توب,القاهرة.,المعادى,11 ش 18 الدور 9,N/A
استروس كريب,الجيزة.,فيصل,ش الامير,N/A
استروكس,القاهرة.,مصر الجديدة,"1 ش سعد صادق الدوينى, تريومف",N/A
استريا,الاسكندرية.,محطة الرمل,40 ش صفية زغلول,N/A
استريو بيروت,الجيزة.,الجيزة,76 ش النيل,N/A
استكانا كافيه,الجيزة.,المهندسين,9 ش عدن متفرع من ش سوريا,N/A
استكانة لونج,الجيزة.,الدقى,49 ش ميشيل باخوم,N/A
استودا,القاهرة. جميع الفروع❯,مصر الجديدة,"111 ش الحجاز, ميدان هليوبوليس",N/A
استوريل,القاهرة.,وسط البلد,12 ش طلعت حرب,N/A
استون جريل,شرم الشيخ.,رأس نصرانى,طريق السلام,N/A
استيا,الغربية.,طنطا,ش بطرس,N/A
استيك اوت جريل,القاهرة. جميع الفروع❯,مدينة الرحاب,.,N/A
اسطنبول كباب,القاهرة.,مدينة الشروق,كم 38 طريق مصر اسماعيلية الصحراوى,N/A
اسطورة الشاورما ع الفحم,القاهرة. جميع الفروع❯,مصر الجديدة,"81 ش عثمان بن عفان, تريومف",N/A
اسكندرانى اسبايسى,القاهرة.,شبرا,12 ش مسرة,N/A
اسكندرية كوفى شوب,الجيزة.,الهرم,1 طريق القاهرة اسكندرية الصحراوى ميدان الرماية,N/A
اسكندرية للمخبوزات,القاهرة.,مصر الجديدة,"5 ش سيدى جابر, ميدان الجامع",N/A
اسكندرية للمخبوزات,الاسكندرية.,سيدى جابر,المنطقة الصناعية,N/A
اسكندرية لية,كفر الشيخ.,وسط البلد,ش الخليفة المأمون,N/A
اسكندرية ورشيد,القاهرة.,المطرية,16 ش الترعة الجديدة,N/A
اسكندكوزا,الجيزة.,الهرم,"351 ن ش الخزان متفرع من ش الجيش, حدائق الاهرام",N/A
اسكوالى كافيه,الجيزة.,الدقى,2 ش المروة متفرع من ش السودان,N/A
اسكوت بار,شرم الشيخ.,ام مريخة,طريق السلام,N/A
اسكوت بار,الاقصر.,الاقصر,طريق البياضية - جزيرة العوامية,N/A
اسماعيل تيك اواى,الجيزة.,المهندسين,273 ش السودان - مدينة المعلمين,N/A
اسماك 26 يوليو,الاسكندرية.,ثروت,ش عبد الحميد الديب تقاطع طريق الجيش,N/A
اسماك ابن اسكندرية,القاهرة.,شبرا,31 ش شبرا,N/A
اسماك ابن البحر,الجيزة.,السادس من اكتوبر,"ميدان الحصرى, الحى الثانى",N/A
اسماك ابن البحر,الجيزة.,الجيزة,"ش التحرير, متفرع من ش صفط اللبن",N/A
اسماك ابن البحر,القليوبية.,شبرا الخيمة,الشارع الجديد,N/A
اسماك ابن حميدو,القاهرة.,الزاوية الحمراء,3 ش جراج البلدية,N/A
اسماك ابن حميدو,القاهرة.,حدائق القبة,102 ش الشيخ غراب,N/A
اسماك ابن حميدو,القاهرة.,حدائق القبة,45 عمارات الشركة السعودية ش سوزان مبارك,N/A
اسماك ابن حميدو,القاهرة.,المرج,"1 ش محمد رجب, متفرع من ش المركز الاجتماعى",N/A
اسماك ابن حميدو,القاهرة.,المعادى,"56 طريق مصر حلوان الزراعى, برج بدر",N/A
اسماك ابن حميدو,الاسكندرية.,بحرى,ش رأس التين,N/A
اسماك ابن حميدو,الجيزة.,الهرم,"1 ش فتحى عبد العظيم, متفرع من ش عبد المنعم سالم, العمرانية الشرقية",N/A
اسماك ابن حميدو,الجيزة.,الحوامدية,"16 ش السلخانة, منى الامير",N/A
اسماك ابو احمد,القاهرة.,باب الشعرية,ش البنهاوى,N/A
اسماك ابو احمد,الجيزة.,الهرم,"75 ش اللبينى, المريوطية",N/A
اسماك ابو ادهم,القليوبية.,باسوس,طريق القناطر الخيرية,N/A
اسماك ابو اشرف العالمية,الاسكندرية. جميع الفروع❯,الجمرك,30 ش صفر باشا,N/A
اسماك ابو الدهب,القليوبية.,شبرا الخيمة,ش البيومى,N/A
اسماك ابو العربى,القاهرة.,طره,21 عمارات الشرطة -,N/A
اسماك ابو العربى,القاهرة.,الحرفيين,45 ش عثمان بن عفان متفرع من ش جمال عبد الناصر,N/A
اسماك ابو العز,الجيزة.,امبابة,60 ش القومية العربية,N/A
اسماك ابو الفرج,القاهرة.,شبرا,175 ش ابو الفرج,N/A
اسماك ابو النصر,القاهرة.,مصر الجديدة,"39 ش جسر السويس, منشية البكرى",N/A
اسماك ابو حسن,الجيزة.,فيصل,40 ش اسامة ابو عميرة,N/A
اسماك ابو حمو,الساحل الشمالى.,طريق اسكندرية مطروح الصحراوى,كم 47 -,N/A
اسماك ابو زياد,القاهرة.,حلوان,7 ش رايل,N/A
اسماك ابو سلامة,الاسكندرية.,العجمى,93 ش البيطاش,N/A
اسماك ابو صلاح,البحيرة.,كوم حمادة,ش الجيش,N/A
اسماك ابو طارق,الجيزة.,فيصل,31 ش عبيدة بن الجراح,N/A
اسماك ابو عبده,الجيزة.,امبابة,ش ترعة بشتيل,N/A
اسماك ابو عبده,الاسكندرية.,العجمى,ش 4 - 6 اكتوبر,N/A
اسماك ابو علام,القاهرة. جميع الفروع❯,المعادى,"ش احمد زكى, حدائق المعادى",N/A
اسماك ابو على,القاهرة.,حدائق القبة,ش ترعة الجندى,N/A
اسماك ابو على,القاهرة.,الظاهر,27 ش بركة الرطل,N/A
اسماك ابو على,العين السخنة. جميع الفروع❯,العين السخنة,كم 30 طريق العين السخنة السويس,N/A
اسماك ابو على,القليوبية. جميع الفروع❯,مدينة العبور,"محلية 5, محور السادات, الحى الاول",N/A
اسماك ابو على المراكبى,الجيزة.,السادس من اكتوبر,"ش مكة المكرمة المجاورة الاولى, الحى السابع",N/A
اسماك ابو عمر,القاهرة.,مدينة نصر,10 أ عمارات الهيئة العربية للتصنيع ش مكرم عبيد,N/A
اسماك ابو عمر,الجيزة.,فيصل,بلوك 24 - مساكن كفر طهرمس -,N/A
اسماك ابو عمر,الاسكندرية.,سموحة,3 ش مسجد حاتم - السوق التجارى,N/A
اسماك ابو عمرو,القاهرة. جميع الفروع❯,جسر السويس,ش اسيوط تقاطع ش مكة,N/A
اسماك ابو غالى,القاهرة.,مصر الجديدة,"10 ش ابو بكر الصديق, ميدان المحكمة",N/A
اسماك ابو فارس,القاهرة.,المرج,18 ش داوود,N/A
اسماك ابو فارس,الشرقية.,الابراهيمية,ش احمد عرابى,N/A
اسماك ابو قطة,القاهرة.,منشية ناصر,ش السكة الحديد,N/A
اسماك ابو قير,القاهرة.,مدينة نصر,"ش نور الدين بهجت, متفرع من ش مكرم عبيد, سوق 18, الحى الثامن",N/A
اسماك ابو قير,القليوبية.,طوخ,ش المحكمة,N/A
اسماك ابو قير,الاسكندرية.,ميامى,23 ش الارمن,N/A
اسماك ابو كريم,الاسكندرية.,السيوف شماعة,ش جبريل,N/A
اسماك ابو محمد,الجيزة.,العجوزة,19 ش محجوب ثابت,N/A
اسماك ابو ميشو,القليوبية.,الخصوص,14 ش عبد الله ابو دومه,N/A
اسماك ابو نور,القاهرة.,عين شمس الشرقية,36 ش حسن سرور,N/A
اسماك ابو يوسف,القاهرة.,شبرا,33 ش مصطفى الكردى,N/A
اسماك ابو يوسف,الجيزة.,العجوزة,ش محجوب ثابت,N/A
اسماك احباب المصطفى,الجيزة.,الهرم,"34 ش ترعة السيسى, المريوطية",N/A
اسماك احمد البدرى,القاهرة.,عين شمس الشرقية,"بلوك 58 ش عبد الحليم محمود, متفرع من ش احمد عرابى, عرب جسر السويس",N/A
اسماك اخر ساعة,المنوفية.,الباجور,5 طريق بنها,N/A
اسماك ادكو,الاسكندرية.,سيدى جابر,57 ش عزيز فهمى,N/A
اسماك ارزاق,الجيزة.,الهرم,"5 ش المؤتمر, العمرانية الغربية",N/A
اسماك استاكوزا,القاهرة.,طره,طريق مصر حلوان الزراعى,N/A
اسماك استاكوزا,القاهرة.,شبرا,19 ش ابن الرشيد,N/A
اسماك استاكوزا,القاهرة.,الحرفيين,19 ش جمال عبد الناصر,N/A
اسماك استاكوزا,الجيزة.,امبابة,24 ش القومية العربية,N/A
اسماك استاكوزا,الجيزة.,بولاق الدكرور,144 ش ناهية,N/A
اسماك اسكندرية,القاهرة.,الزيتون,155 ش طومانباى,N/A
اسماك اسكندرية,الجيزة.,فيصل,ش طه ابو النور,N/A
اسماك اسكندرية,الجيزة.,فيصل,"6 ش عبد اللطيف عبد الفتاح, الكوم الاخضر",N/A
اسماك اسكندرية,الجيزة.,فيصل,ش جابر عثمان,N/A
اسماك اشرف الساحل الشمالى,القاهرة.,المقطم,"بلوك 8130 ش 9, منطقة س",N/A
اسماك اكسترا فريش,القاهرة.,مدينة الرحاب,39 - السوق التجارى,N/A
اسماك ال على,القاهرة.,مدينة نصر,"28 ش انور المفتى، متفرع من ش عباس العقاد, المنطقة الاولى",N/A
اسماك الارزاق بالله,القاهرة.,المقطم,القطعه 7963 ش 9,N/A
اسماك الارزاق بالله,الجيزة.,الهرم,"ش ابو حمامة, الطالبية",N/A
اسماك الارزاق بالله,الجيزة.,الهرم,"ش د. محمد فؤاد سعيد, العمرانية الغربية",N/A
اسماك الاسرة,الجيزة.,المهندسين,288 ش السودان,N/A
اسماك الاسكندرانى,القاهرة.,حدائق الزيتون,62 ش وابور المياه,N/A
اسماك الاسكندرانى,الجيزة.,السادس من اكتوبر,", ميدان الحصرى - المحور المركزى, الحى الثامن",N/A
اسماك الاسلامية,الاسكندرية.,سيدى جابر,ش عزيز فهمى,N/A
اسماك الاقصر,الجيزة.,امبابة,7 ش الاقصر البوهى,N/A
اسماك الامامين,القاهرة.,السيدة عائشة,ش الكردى,N/A
اسماك الامامين والتونسى,القاهرة.,السيدة عائشة,ش الكردى,N/A
اسماك الامانة,القاهرة.,حمامات القبة,27 ش قدسى,N/A
اسماك الامانة,الدقهلية.,بلقاس,ش الجمهورية,N/A
اسماك الامير,القليوبية.,قليوب,ش ارض المعارض - قرية طنان,N/A
اسماك الاندلس,القاهرة. جميع الفروع❯,المقطم,القطعة 9091 ش 9,N/A
اسماك الانفوشى,الاسكندرية.,سيدى بشر الترام,35 ش خالد بن الوليد,N/A
اسماك الانفوشى,الساحل الشمالى.,طريق اسكندرية مطروح الصحراوى,كم 40 -,N/A
اسماك الانفوشى,شرم الشيخ.,خليج نعمة,ش الملك عبد الله,N/A
اسماك الايمان,القاهرة.,اغاخان,4 ش تفتيش الرى,N/A
اسماك الايمان,القاهرة.,مدينة نصر,"5 بلوك 115 ش محمد العشماوى, الحى السابع",N/A
اسماك البارون,القاهرة.,مصر الجديدة,"17 ش الصومال, روكسى",N/A
اسماك الباشا,الفيوم.,المسلة,ميدان الشيخ حسن,N/A
اسماك البحار,القليوبية.,مدينة العبور,القطعة 55، ش الامام ابو حنيفة النعمانالحى السادس,N/A
اسماك البحر,القاهرة.,مدينة نصر,"المرحلة الاولى - عمارة 63, زهراء مدينة نصر",N/A
اسماك البحر,القاهرة.,المعادى,"21 ابراج الشرطة كورنيش النيل, كورنيش المعادى",N/A
اسماك البحر,الجيزة.,فيصل,29 ش المساكن,N/A
اسماك البحر,الجيزة.,العجوزة,90 ش عبد القادر طه,N/A
اسماك البحر الابيض,القاهرة.,شبرا,26 ش المستشفى - ش شيكولانى سابقا,N/A
اسماك البحر الاحمر,القاهرة.,حدائق القبة,65 ش عرفات,N/A
اسماك البحرى,القاهرة.,سراى القبة,ش بنى عقيل,N/A
اسماك البحرين,القاهرة.,مصر الجديدة,"11 ش سيدى جابر, ميدان الجامع",N/A
اسماك البحرين,القاهرة. جميع الفروع❯,الظاهر,29 ش حمدى,N/A
اسماك البحرين,القاهرة.,مدينة السلام,42 مساكن اسبيكو القديم -,N/A
اسماك البحرين,القاهرة.,المعادى,"32 ش محمد حسنى, متفرع من ش السد العالى, حدائق المعادى",N/A
اسماك البركة,الجيزة.,الدقى,41 ميدان سليمان جوهر,N/A
اسماك البرنس,الشرقية.,العاشر من رمضان,محور ابو بكر الصديق، الاردنية,N/A
اسماك البشاير,الجيزة.,السادس من اكتوبر,", حى البشاير, الحى العاشر",N/A
اسماك البطش,الاسكندرية.,الابراهيمية,11 ش الاندلس,N/A
اسماك البطل,القاهرة.,عين شمس الشرقية,"10 ش احمد مصطفى, متفرع من ش البترول",N/A
اسماك البنا,الاسماعيلية.,الشيخ زايد,151 الشارع التجارى,N/A
اسماك البورسعيدى,الجيزة.,الهرم,39 ش ناصر الثورة,N/A
اسماك البورى,الاسكندرية.,العجمى,ش 4 - 6 اكتوبر,N/A
اسماك البورى,الجيزة.,الهرم,"430 ط ش العشرين متفرع من ش الجيش, حدائق الاهرام",N/A
اسماك البيت المصرى,القاهرة.,مدينة نصر,24 عمارات الامداد والتموين,N/A
اسماك البيه,الجيزة.,السادس من اكتوبر,"محور الكفراوى, الحى الاول",N/A
اسماك التركى,القاهرة.,شبرا,5 ش مصطفى النجدى متفرع من ش شبرا,N/A
اسماك التوأم,الاسكندرية.,محرم بك,91 ش الاسكندرانى تقاطع ش الحدينى,N/A
اسماك التوحيد,القاهرة.,المرج,1 ش الورشة متفرع من ش مؤسسة الزكاة,N/A
اسماك التوحيد,الجيزة.,فيصل,"2 ش الامراء, التعاون",N/A
اسماك التوحيد,الجيزة.,فيصل,ش العمدة,N/A
اسماك التوحيد,الجيزة.,امبابة,ش احمد مبروك متفرع من ش بشتيل العمومى,N/A
اسماك التوحيد,الجيزة.,الهرم,"48 ش المعصراوى, العمرانية الشرقية",N/A
اسماك التونى,القاهرة. جميع الفروع❯,مصر الجديدة,122 ش عثمان بن عفان,N/A
اسماك الجزار,الجيزة.,الجيزة,"49 ش احمد ماهر, متفرع من ش سعد زغلول",N/A
اسماك الجزيرة,القاهرة.,الظاهر,"18 ش طه السيوفى, متفرع من ش الشيخ قمر",N/A
اسماك الجزيرة,الاسكندرية.,سيدى بشر بحرى,42 ش دار عيسى,N/A
اسماك الجزيرة,الجيزة.,فيصل,"78 ش الشيشينى, المريوطية",N/A
اسماك الجمهورية,الساحل الشمالى. جميع الفروع❯,مارينا,", المنطقة 14 - مارينا 4",N/A
اسماك الجميل,القاهرة. جميع الفروع❯,الظاهر,5 ش الجميل,N/A
اسماك الحاج ابو كريم,القليوبية.,الخصوص,58 ش احمد عرابى - عزبة السقيلى,N/A
اسماك الحاج عبده,الجيزة.,اوسيم,"9 ش المدينة المنورة, بشتيل",N/A
اسماك الحايس,القاهرة.,المطرية,196 ش التروللى,N/A
اسماك الحر السبيعى,الاسكندرية.,العطارين,119 ش اسماعيل مهنا,N/A
اسماك الحرمين,القاهرة.,عين شمس الشرقية,42 ش عين شمس,N/A
اسماك الحرمين,القاهرة.,حدائق الزيتون,89 ش وابور المياه,N/A
اسماك الحرمين,الساحل الشمالى.,طريق اسكندرية مطروح الصحراوى,كم 89 -,N/A
اسماك الحرية,القاهرة. جميع الفروع❯,المعادى,"1 ش عبد المنعم رياض, العرب",N/A
اسماك الحرية,القاهرة.,مدينة نصر,"42 ش حسن المأمون, الحى الثامن",N/A
اسماك الحرية,الجيزة.,ابو رواش,ش الوحدة الصحية,N/A
اسماك الحرية,الجيزة. جميع الفروع❯,فيصل,337 ش فيصل متفرع من ش حسن محمد,N/A
اسماك الحسينى,القاهرة.,القاهرة الجديدة,"محلية 5 -, التجمع الثالث",N/A
اسماك الحسينى,القاهرة.,المقطم,"ش 33, تقاطع ش الجامعة الحديثة",N/A
اسماك الحمد,اسيوط.,اسيوط,6 ش سيتى,N/A
اسماك الحوت,القاهرة.,المقطم,48 مساكن الدلتا ش صبحى حسين,N/A
اسماك الحوت,القاهرة.,شبرا,ش جسر البحر,N/A
اسماك الحوت,الشرقية.,العاشر من رمضان,المجاورة 45,N/A
اسماك الحوت,الدقهلية.,ميت غمر,ش 26 يوليو,N/A
أسماك الحوت,الاسكندرية.,ميامى,35 ش حسن زعمور متفرع من ش اسكندر ابراهيم,N/A
اسماك الحوت للمأكولات البحرية,القاهرة.,جسر السويس,"ابراج سيجال ش الاربعين, برج الضياء",N/A
اسماك الحورانى,الجيزة. جميع الفروع❯,الجيزة,"158 ش المحطة, متفرع من ش البحر الاعظم",N/A
اسماك الحورانى,الجيزة. جميع الفروع❯,الجيزة,158 ش البحر الاعظم,N/A
اسماك الخليج,القاهرة.,غمره,267 ش رمسيس,N/A
اسماك الخليج,الجيزة.,بين السرايات,6 أ ش حسين كمال,N/A
اسماك الخليج,الجيزة.,الجيزة,75 ش ترعة الزمر,N/A
اسماك الخليج,الجيزة.,فيصل,"6 ش على شيحة, الكوم الاخضر",N/A
اسماك الدكتور,القاهرة.,حلمية الزيتون,"25 ش ابن الحكم, ميدان حلمية الزيتون",N/A
اسماك الدمايطة,القاهرة.,مصر الجديدة,16 ش صلاح الدين,N/A
اسماك الدمياطى,الشرقية.,الزقازيق,ش الشهيد احمد اسماعيل - برج المسيلة,N/A
اسماك الدوران,القاهرة. جميع الفروع❯,شبرا,125 ش شبرا,N/A
اسماك الدويرى,الاسكندرية.,العجمى,ش 4 - 6 اكتوبر,N/A
اسماك الرايق,القاهرة.,مصر الجديدة,"11 ش احمد وفيق, روكسى",N/A
اسماك الرحمن,القاهرة.,الاميرية,31 ش جامع الهوارى,N/A
اسماك الرحمن,القاهرة. جميع الفروع❯,عين شمس,10 ش الشيخ عبيد,N/A
اسماك الرحمن,القاهرة.,الظاهر,19 ش طور سيناء,N/A
اسماك الرحمن,الجيزة.,الهرم,10 ش ستوديو الاهرام,N/A
اسماك الرحمن,الجيزة.,الهرم,"20 ش الوفاء والامل, المريوطية",N/A
اسماك الرحمن,الجيزة.,فيصل,"ش المنشية, الطوابق",N/A
اسماك الرحمة,الجيزة. جميع الفروع❯,الهرم,"301 د ش الضغط العالى, حدائق الاهرام",N/A
اسماك الرضوان,القاهرة.,مدينة الرحاب,السوق التجارى,N/A
اسماك الرماح,القاهرة.,السيدة زينب,24 ش الناصرية,N/A
اسماك الروبى,الاسكندرية.,العجمى,شاطئ النخيل,N/A
اسماك الروبيان,الجيزة.,الهرم,"246 ش ترعة الزمر, العمرانية الغربية",N/A
اسماك الروضة,الاسكندرية.,سيدى جابر,50 ش عزيز فهمى,N/A
اسماك الريان,الجيزة.,السادس من اكتوبر,"محور الكفراوى, الحى الاول",N/A
اسماك الريس,القاهرة.,عباسية,65 أ ش العباسية ميدان عبده باشا,N/A
اسماك الريس,القليوبية.,مدينة العبور,"ش عبد الرحمن الرافعى, الحى الاول",N/A
اسماك الريس عرفة,الجيزة.,المهندسين,71 ش جامعة الدول العربية,N/A
اسماك الزعيم,الجيزة.,امبابة,34 ش النصر,N/A
اسماك الزغبى,القاهرة.,عزبة النخل,ش سيد النوبى,N/A
اسماك السامرى,الجيزة.,فيصل,ش حمد ياسين,N/A
اسماك السايح,الجيزة.,الهرم,"ش المنحل, متفرع من ش العروبة, المريوطية",N/A
اسماك السجينى,القاهرة.,باب الشعرية,1 ميدان باب الشعرية,N/A
اسماك السد العالى,القاهرة.,جسر السويس,ش عبد الخالق شمروخ تقاطع ش عشرة,N/A
اسماك السعودى,القاهرة.,جسر السويس,53 أ عمارات الفاروقية - ش جسر السويس,N/A
اسماك السعودى,القاهرة.,السيدة زينب,18 ش مجلس الامة,N/A
اسماك السفينة,القاهرة.,عين شمس الشرقية,5 ش ادم,N/A
اسماك السلطان,القاهرة.,مدينة السلام,بلوك 3 - مساكن القاهرة - ش العبور - مدينة النهضة,N/A
اسماك السلطان,الجيزة.,السادس من اكتوبر,"المجاورة الرابعة, الحى الاول",N/A
اسماك السماك,الجيزة.,فيصل,"2 ش محمود عباس على, كفر طهرمس",N/A
اسماك السندباد,القاهرة.,النزهة الجديدة,1 ش احمد عبد النبى,N/A
اسماك السنى,القاهرة.,السكاكينى,24 ش ابن خلدون,N/A
اسماك السنى,القاهرة.,المقطم,8112 مساكن النصر القديم ش 9,N/A
اسماك السويس,القاهرة.,مدينة الرحاب,ممر الشانزليزيه - - السوق التجارى - محل 285,N/A
اسماك السويس,الجيزة.,الهرم,"120 ص, حدائق الاهرام",N/A
اسماك السويس,القليوبية.,القلج,41 ش الوحدة المحلية,N/A
اسماك السويسى,القاهرة.,المعادى,"33 ش 154, المعادى الجديدة",N/A
اسماك السويفى,الساحل الشمالى.,طريق اسكندرية مطروح الصحراوى,كم 91 -,N/A
اسماك السيناتور,الساحل الشمالى.,طريق اسكندرية مطروح الصحراوى,كم 56 -,N/A
اسماك الشابورى,الاسكندرية.,البيطاش,139 ش البيطاش,N/A
اسماك الشاطر,القاهرة.,حدائق القبة,1 ش خيرت,N/A
اسماك الشاطىء,القاهرة. جميع الفروع❯,مدينة نصر,"134 ش ابراهيم نوار, متفرع من ش احمد فخرى, المنطقة السادسة",N/A
اسماك الشامى,القاهرة.,باب الشعرية,2 ش باب البحر ميدان الفواطية,N/A
اسماك الشروق,القاهرة.,المرج,8 ش البترول,N/A
اسماك الشروق,القاهرة.,مدينة نصر,"402 مساكن ضباط القوات المسلحة - ش على بن ابى طالب, زهراء مدينة نصر",N/A
اسماك الشروق,الساحل الشمالى.,سيدى كرير,كم 39.5 -,N/A
اسماك الشريف,القاهرة.,حدائق القبة,153 ش مصر والسودان,N/A
اسماك الشريف,القاهرة.,مصر الجديدة,"42 عمارات مصر للتعمير, المنطقة الاولى, مساكن شيراتون",N/A
اسماك الشريف,الجيزة.,بولاق الدكرور,1 عمارة على الشريف - ش المعتمدية,N/A
اسماك الشريف الاصلى,الساحل الشمالى.,الحمام,ش اسكندرية,N/A
اسماك الشعراوى,الجيزة.,السادس من اكتوبر,"., الحى 11",N/A
اسماك الشلبى,الاسكندرية.,العصافرة بحرى,8 ش سليمان الفارسى,N/A
اسماك الشمندورة,القاهرة.,المطرية,ش صبرى عبد الجليل,N/A
اسماك الشيخ,القاهرة.,مصر الجديدة,"7 ش محمد رشيد رضا, الماظة",N/A
اسماك الشيخ,القاهرة.,الحرفيين,3 ش السادات,N/A
اسماك الشيخ,القاهرة. جميع الفروع❯,مدينة نصر,"307 ش احمد الزمر, الحى العاشر",N/A
اسماك الشيخ,الجيزة.,فيصل,3 ش حامد السيد,N/A
اسماك الشيخ,الجيزة.,الهرم,"2 ش احمد عبد العزيز, الطالبية",N/A
اسماك الشيخ,الجيزة.,فيصل,"1 ش محمد عبد القوى, متفرع من ش د. لاشين, المريوطية",N/A
اسماك الشيخ,الجيزة.,الوراق,18 ش ترعة السواحل - وراق الحضر,N/A
اسماك الشيف,القاهرة.,المطرية,1 ش الرشاد,N/A
اسماك الشيف,الجيزة. جميع الفروع❯,السادس من اكتوبر,", المجاورة الاولى - المحور المركزى, الحى الثانى",N/A
اسماك الشيف ريعو,القاهرة.,عين شمس الشرقية,"2 ش محمد ابراهيم, المهاجرين",N/A
اسماك الصعيدى,القاهرة.,مصر الجديدة,"22 ش ابو السرور البكرى, منشية البكرى",N/A
اسماك الصياد,القاهرة.,مصر الجديدة,"3 ش سمير مختار متفرع من ش نبيل الوقاد, ارض الجولف",N/A
اسماك الصياد,القاهرة.,مصر الجديدة,"ش سليمان الطماوى, مساكن شيراتون",N/A
اسماك الصياد,القاهرة.,حلوان,ش احمد بدوى,N/A
اسماك الصياد,القاهرة.,مدينة قباء,4 ش عمر بن الخطاب,N/A
اسماك الصياد,القاهرة.,المرج,92 ش مؤسسة الزكاة,N/A
اسماك الصياد,القاهرة.,مصر الجديدة,"4 ش محمد المهدى، متفرع من ش نبيل الوقاد, ارض الجولف",N/A
اسماك الصياد,القاهرة.,عين شمس الشرقية,196 ش جسر السويس,N/A
اسماك الصياد,الجيزة.,فيصل,6 ش على شيحة,N/A
اسماك الصياد,القليوبية.,شبرا الخيمة,8 ابراج المدينة المنورة - ش 15 مايو,N/A
اسماك الصياد,الجيزة.,فيصل,1 ش زهران,N/A
اسماك الصياد,الجيزة.,السادس من اكتوبر,ش احمد سلام - مدينة الامل,N/A
اسماك الصياد,القليوبية.,شبرا الخيمة,120 ش احمد عرابى,N/A
اسماك الصياد,الساحل الشمالى. جميع الفروع❯,طريق اسكندرية مطروح الصحراوى,كم 38.5 -,N/A
اسماك الصياد,الاسكندرية.,بحرى,ش الحجارى,N/A
اسماك الصياد,الجيزة.,فيصل,40 ش حسن الصبان,N/A
اسماك الصياد,القليوبية.,شبين القناطر,2 ش سكة حديد الدلتا,N/A
اسماك الصياد,الجيزة.,الهرم,"47 ش سعد امام, الطالبية",N/A
اسماك الصياد,الجيزة.,السادس من اكتوبر,"المحور المركزى, الحى العاشر",N/A
اسماك الطارق,القاهرة.,مصر الجديدة,122 ش عثمان بن عفان,N/A
اسماك الطازج,القاهرة.,مدينة نصر,6 /11 عمارات الغد المشرق ش ابو داوود الظاهرى,N/A
اسماك الطوخى,القاهرة.,مدينة السلام,3 مساكن القاهرة -,N/A
اسماك الطيب,القاهرة.,مدينة نصر,"ش نصر خسرو, سوق 10, الحى السابع",N/A
اسماك الطيب,الاسكندرية.,المندرة البحرية,ش ملك حفنى,N/A
اسماك الطيب,الشرقية.,كفر صقر,ش الجلاء,N/A
اسماك العائلات,الجيزة.,العجوزة,20 ش شاهين,N/A
اسماك العبور,القاهرة.,جسر السويس,339 ش عمر بن الخطاب,N/A
اسماك العبور,القاهرة.,القاهرة الجديدة,"11 - البنفسج 1, التجمع الاول",N/A
اسماك العدوى,القاهرة.,شبرا,4 ش عبد القادر الرافعى,N/A
اسماك العربى,الجيزة.,الهرم,"1 ش عبد النبى عبد الحميد, العمرانية الشرقية",N/A
اسماك العزيز,القاهرة.,حدائق القبة,1 ب عمارات رئاسة الجمهورية -,N/A
اسماك العشرى,الاسماعيلية.,حى السلام,1 ش العشرينى,N/A
اسماك العشماوى,الدقهلية.,طلخا,ش الجمهورية,N/A
اسماك العقاد,القاهرة.,مدينة نصر,5 طريق النصر,N/A
اسماك العقاد,الجيزة. جميع الفروع❯,بولاق الدكرور,3 ش ناهيا,N/A
اسماك العمدة,الشرقية.,الزقازيق,ش مولد النبى,N/A
اسماك الغريب,القاهرة.,جسر السويس,15 ش 116,N/A
اسماك الفارس,الساحل الشمالى.,طريق مطروح اسكندرية الصحراوى,كم 91 -,N/A
اسماك الفتح,الاسكندرية.,راغب,15 ش راغب,N/A
اسماك الفردوس,الاسكندرية.,غبريال,ش سليمان الفارسى,N/A
اسماك الفردوس,الجيزة.,الهرم,12 ش المستشفى,N/A
اسماك الفردوس,القليوبية.,القلج,30 ش المدينة المنورة تقسيم العجمى,N/A
اسماك الفيروز,القاهرة.,المرج,4 ش محمد عبده,N/A
اسماك الفيروز,شرم الشيخ.,السوق القديم,.,N/A
اسماك الفيروز,دمياط.,دمياط,63 ش الشرباصى,N/A
اسماك الفيومى,القاهرة.,عين شمس الشرقية,6 ش نجيب اسكندر,N/A
اسماك القاضى,الجيزة.,السادس من اكتوبر,", المحور المركزى",N/A
اسماك القبطان,القاهرة.,حدائق القبة,ش ترعة القبة,N/A
اسماك القبطان,القاهرة.,المرج,2 ش الهوارى,N/A
اسماك القبطان,الجيزة. جميع الفروع❯,المنوات,133 ش على سلامة,N/A
اسماك القبطان ابن حميدو,القاهرة.,مصر الجديدة,"3 ش ابن هشام متفرع من ش الحجاز, ميدان الحجاز",N/A
اسماك القبة,القاهرة.,حدائق القبة,1 ش الشيخ حسونة,N/A
اسماك القرش,القاهرة.,مدينة نصر,4 ش الميثاق,N/A
اسماك القرش,القاهرة.,مصر الجديدة,"4 ش الاثرى بن نافع متفرع من ش الحجاز, روكسى",N/A
اسماك القرش,القاهرة.,الزاوية الحمراء,بلوك 73 - مساكن الزاوية الحمرا القديمة -,N/A
اسماك القرش,القاهرة.,مصر الجديدة,"4 ش الاثرى بن نافع, روكسى",N/A
اسماك القرش,الجيزة.,فيصل,15 ش اسامة ابو عميرة,N/A
اسماك القرش,الجيزة.,فيصل,"3 ش القدس, الطوابق",N/A
اسماك القرش,القليوبية.,قليوب,20 ش العاشر من رمضان,N/A
اسماك القرموطى,القاهرة.,حدائق القبة,2 ش مرقص اسحاق,N/A
اسماك القرموطى,القاهرة.,البساتين,ش مهران,N/A
اسماك القرموطى,القاهرة.,حلمية الزيتون,10 ش محمد لبيب عطية,N/A
اسماك القرموطى,القاهرة.,مصر الجديدة,"54 عمارات صقر قريش ش عبد الحميد بدوى, مساكن شيراتون",N/A
اسماك القرموطى,القاهرة.,عين شمس الشرقية,"55 ش عمان, متفرع من ش فلسطين, عرب جسر السويس",N/A
اسماك القناطر,القاهرة.,روض الفرج,42 ش اللواء فطين متفرع من ش بديع,N/A
اسماك القنال,القاهرة.,القاهرة الجديدة,", المجاورة الرابعة, عمارة 16أ, التجمع الاول",N/A
اسماك القنال,القاهرة.,مدينة نصر,2 أ عمارات الشرق للتأمين - ش د. محمود ابراهيم,N/A
اسماك القنال,القليوبية.,بنها,ش فرق الامن,N/A
اسماك القنال للمأكولات البحرية,القاهرة.,النزهة الجديدة,96 ش الشهيد طارق متفرع من ش جوزيف تيتو,N/A
اسماك الكابتن,القاهرة.,شبرا,184 أ ش شبرا,N/A
اسماك الكابتن,الجيزة.,الهرم,20 ش اللبينى,N/A
اسماك الكتعة,الاسكندرية. جميع الفروع❯,المنتزه,"4 ش ملك حفنى, المنتزة",N/A
اسماك الكريم,القاهرة.,المرج الجديدة,30 ش الجمهورية,N/A
اسماك اللؤلوة,القاهرة.,كوبرى القبة,ش ابراهيم حجازى,N/A
اسماك المتوكل على الله,القاهرة.,الزيتون,33 ش الاصبغ,N/A
اسماك المتوكل عى الله,المنوفية.,شبين الكوم,ش السلطان حسين,N/A
اسماك المحروسة,السويس.,الملاحة,", الملاحة الجديدة",N/A
اسماك المدينة المنورة,الجيزة.,السادس من اكتوبر,.,N/A
اسماك المدينة المنورة,الجيزة.,الهرم,ش المدينة المنورة,N/A
اسماك المراكبى,القاهرة.,مدينة نصر,32 ش نجاتى سراج,N/A
اسماك المراكبى,القاهرة.,المرج,15 ش الشيخ منصور,N/A
اسماك المرجان,القاهرة.,القاهرة الجديدة,"ش مسجد المصطفى, النرجس",N/A
اسماك المرجان,الجيزة.,الهرم,ش محمود خليل النحاس,N/A
اسماك المرسا,القاهرة.,حلوان,102 ش سلاح المهندسين - الدواجن,N/A
اسماك المرسى,القاهرة.,مصر الجديدة,"22 ش ابراهيم اللقانى, روكسى",N/A
اسماك المروة,القاهرة.,حلوان,ش ترعة الخشاب,N/A
اسماك المصرى,الجيزة.,السادس من اكتوبر,"., الحى 11",N/A
اسماك المصرى,الجيزة.,الجيزة,"2 ش الاسعاف, متفرع من ش ربيع الجيزى",N/A
اسماك المصطفى,الجيزة.,السادس من اكتوبر,"91 ش كان كان, المجاورة الخامسة, الحى 12",N/A
اسماك المعادى,القاهرة.,المعادى,"4 ش 100, ميدان الحرية",N/A
اسماك المعدية,الاسكندرية.,سيدى جابر,20 ش اللواء احمد على,N/A
اسماك المعدية,الاسكندرية.,سيدى جابر,11 ش حفنى ناصف,N/A
اسماك المعدية,البحيرة.,دمنهور,"ش سليم البشرى, متفرع من ش احمد عرابى",N/A
اسماك المغربى,القاهرة.,المنيل,9 ش سعيد ذو الفقار ميدان الباشا,N/A
اسماك الملاك,القاهرة.,الزاوية الحمراء,26 ش منشية الجمل,N/A
اسماك المناهرى,القاهرة.,حدائق القبة,ش ترعة الجندى,N/A
اسماك المنياوى,الجيزة.,الهرم,1 ش احمد توفيق متفرع من ش خاتم المرسلين - العمرانية,N/A
اسماك المينا,القاهرة.,شبرا,18 ش العطار,N/A
اسماك الناصرى,القاهرة.,مدينة نصر,"ش ابن فضلان, سوق 5 - محل 17",N/A
اسماك النافورة,القاهرة.,مصر الجديدة,"79 ش جسر السويس, روكسى",N/A
اسماك النخيل,الاسكندرية.,العجمى,شاطىء النخيل,N/A
اسماك الندى,القاهرة.,السيدة زينب,9 ش عبد الدايم,N/A
اسماك النزهة,القاهرة.,مصر الجديدة,2 ش ابو عبيدة بن الجراح,N/A
اسماك النصر,القاهرة.,وسط البلد,3 ميدان عرابى - التوفيقية,N/A
اسماك النصر,القاهرة.,الحسين,11 ش ام الغلام,N/A
اسماك النصر,القاهرة.,دار السلام,185 ش احمد زكى,N/A
اسماك النيل,القاهرة.,المنيل,113 ش المنيل,N/A
اسماك النيل,القاهرة.,باب اللوق,25 عمارة عبد الهادى ش البستان,N/A
اسماك النيل,الجيزة.,امبابة,58 ش الوحدة,N/A
اسماك النيل,الجيزة.,البراجيل,طريق البراجيل,N/A
اسماك النيل,الجيزة.,الهرم,"ش سعد عبد الله, الطالبية",N/A
اسماك النيل,الجيزة.,الجيزة,76 ش الثلاثينى,N/A
اسماك النيل,الجيزة.,الدقى,18 ش جاد عيد متفرع من ش سليمان جوهر,N/A
اسماك النيل الجديد,القاهرة.,باب اللوق,25 ش البستان,N/A
اسماك الهاشمى,القاهرة.,مدينة السلام,بلوك 7 - مساكن الصعيد 1000 -,N/A
اسماك الهدى,القاهرة.,حدائق حلوان,"70 ش جمال عبد الناصر, مدينة الهدى",N/A
اسماك الهدير,الفيوم.,وسط البلد,ش الدالى,N/A
اسماك الهلالى,القاهرة.,السيدة زينب,38 ش اسماعيل اباظة,N/A
اسماك الهنا,القاهرة.,النزهة الجديدة,11 ش محمد السادات,N/A
اسماك الوادى,القاهرة.,الظاهر,13 ش سعيد,N/A
اسماك الياسمين,الاسكندرية.,العجمى,ش 4 - 6 اكتوبر,N/A
اسماك اليخت,الاسكندرية.,سيدى بشر بحرى,"26 ش الشهيد البرقوقى, متفرع من ش جمال عبد الناصر, دوران جيهان",N/A
اسماك اليوم,القاهرة.,حدائق القبة,154 ش مصر والسودان,N/A
اسماك اليوم,القاهرة.,المعادى,"2 ش 154, متفرع من ش 105, عمارة ركن المعادى, حدائق المعادى",N/A
اسماك اليوم,الجيزة.,فيصل,بلوك 28أ - ش العشرين,N/A
اسماك اليوم,الجيزة.,فيصل,24 ش عبيدة بن الجراح,N/A
اسماك اليوم الجديد,القاهرة.,المرج الجديدة,1 ش البترول,N/A
اسماك اليوم الجديد,الجيزة.,الدقى,105 ش التحرير,N/A
اسماك امير,القاهرة.,البساتين,33 ش غرب السكة الحديد,N/A
اسماك اميرة البحر,القاهرة.,المعصرة,ش الرشاح,N/A
اسماك انس,الجيزة.,المهندسين,1 ميدان موسى جلال,N/A
اسماك اولاد ابو رفاعى,الجيزة.,البدرشين,61 ش النيل السعيد,N/A
اسماك اولاد الحورانى,الجيزة.,فيصل,ش المساكن,N/A
اسماك اولاد عزوز,الجيزة.,بولاق الدكرور,48 ش ترعة عبد العال 2 - صفط اللبن,N/A
اسماك اولاد عم جمعة,الجيزة.,امبابة,2 ش عبده الزيان متفرع من ش البصراوى - المنيرة الشرقية,N/A
اسماك بحرى,القاهرة.,المعادى,"ش السد العالى, حدائق المعادى",N/A
اسماك بحرى,القاهرة.,مدينة قباء,11 ش ابراهيم الخليل,N/A
اسماك بحرى,القاهرة.,عين شمس الشرقية,ش العشرين تقاطع ش محمد عباس,N/A
اسماك بحرى,القاهرة.,المقطم,1 ش 11,N/A
اسماك بحرى,الساحل الشمالى. جميع الفروع❯,طريق اسكندرية مطروح الصحراوى,كم 79 -,N/A
اسماك بحرى,الجيزة.,الوراق,5 ش ترعة السواحل - وراق العرب,N/A
اسماك بحرى,الجيزة.,فيصل,ش السادات,N/A
اسماك بحرى,الجيزة.,امبابة,34 ش محمود عبد العزيز - المنيرة الغربية,N/A
اسماك بحرى,الجيزة.,البدرشين,9 ش عمرو بن العاص,N/A
اسماك بحرى,الاسماعيلية.,جبل مريم,طريق البلاجات,N/A
اسماك بحرى,الغربية.,طنطا,"ش حسن رضوان, برج الايمان",N/A
اسماك بحرية,القاهرة.,القاهرة الجديدة,"الحى الثانى - المنطقة الخامسة, التجمع الخامس",N/A
اسماك بحرية,الجيزة.,الهرم,"7 ش سيدى عمار, العمرانية الشرقية",N/A
اسماك بحرية,الجيزة.,الهرم,"8 ش سيدى عمار, العمرانية الغربية",N/A
اسماك بحيرة قارون,الجيزة.,السادس من اكتوبر,"., الحى 12",N/A
اسماك بحيرة قارون,الجيزة.,السادس من اكتوبر,"., الحى 11",N/A
اسماك بدر الخورانى,الجيزة.,فيصل,43 ش احمد ماهر,N/A
اسماك براكودا,بنى سويف.,بنى سويف,حى الزهور,N/A
اسماك برغش,الساحل الشمالى. جميع الفروع❯,مارينا,", منطقة سى جل - مارينا 2",N/A
اسماك بلبل,القاهرة.,المنيل,96 ش المنيل,N/A
اسماك بلدنا,الجيزة.,الجيزة,ش سعد زغلول,N/A
اسماك بندق,الاسكندرية.,سموحة,ش النصر,N/A
اسماك بورسعيد,القاهرة.,شبرا,20 ش ابو طاقية,N/A
اسماك بورسعيد,الجيزة.,بولاق الدكرور,ش ناهية,N/A
اسماك بورسعيد,الجيزة.,امبابة,"37 ش الكمال, تقاطع ش ترعة السواحل",N/A
اسماك بيتشو,القاهرة.,المعادى,"51 عمارات بيتشو امريكان سيتى, المرحلة الاولى, زهراء المعادى",N/A
اسماك تبارك,القاهرة.,مدينة نصر,35 ش اسماعيل اللبان,N/A
اسماك تبارك,القاهرة.,الزيتون,ش محمد العتريس,N/A
اسماك تبارك,القاهرة.,مصر الجديدة,"15 ش الصومال, الكوربة",N/A
اسماك تبارك,القاهرة.,حلوان,"7 ش د. زكى حواس, تقاطع ش صالح صبحى",N/A
اسماك تبارك,الشرقية.,كفر صقر,ش المستشفى,N/A
اسماك تبارك,القليوبية.,الخصوص,51 ش الخصوص العمومى,N/A
اسماك توتو,الاسكندرية.,العصافرة بحرى,ش بلهارس متفرع من ش جمال عبد الناصر,N/A
اسماك تيبا روز,القاهرة.,مصر الجديدة,"سور دار الدفاع الجوي ش النزهة, ارض الجولف",N/A
اسماك جابر,الجيزة.,فيصل,382 ش فيصل,N/A
اسماك جاردنيا,الجيزة.,الهرم,"198 ب ش العشرين, حدائق الاهرام",N/A
اسماك جحا,القاهرة.,عين شمس الشرقية,103 ش ابراهيم عبد الرازق,N/A
اسماك جزيرة الملكة,الاسكندرية.,بحرى,46 ش صفر باشا,N/A
اسماك جمبرينو,القاهرة.,المعادى,"12 ابراج بدر الطريق الدائرى, زهراء المعادى",N/A
اسماك جمبرينو ايه اند ام,الجيزة. جميع الفروع❯,الدقى,11 ش المساحة,N/A
اسماك جندوفلى العالمية,الاسكندرية.,سيدى بشر,79 ش خالد بن الوليد,N/A
اسماك جودى,الجيزة.,الهرم,"12 ش جمال الدين الافغانى, العمرانية الغربية",N/A
اسماك جومانا,الساحل الشمالى.,مارينا,السوق التجارى - المنطقة السابعة - مارينا 1,N/A
اسماك جوهرة الطالبية,الجيزة.,الهرم,"11 ش عثمان محرم, الطالبية",N/A
اسماك جوهرة العيسوى,الاسكندرية.,سيدى بشر,ش العيسوى,N/A
اسماك حبيبة وبلال,الجيزة.,فيصل,ش جلال,N/A
اسماك حدائق اكتوبر,الجيزة.,السادس من اكتوبر,", كمباوند بارادايس",N/A
اسماك حربى,الاسكندرية.,البيطاش,ش البيطاش,N/A
اسماك حصان البحر,القاهرة.,مصر الجديدة,52 عمارة اللحيمى - ش احمد زكى ميدان النزهة,N/A
اسماك حلوان,القاهرة.,حلوان,13 ش منصور,N/A
اسماك حمادة,الجيزة.,فيصل,ش العشرين,N/A
اسماك حمو,القاهرة.,مدينة قباء,19 ش ابراهيم الخليلى,N/A
اسماك حمو,القليوبية.,شبرا الخيمة,29 ش 15 مايو,N/A
اسماك حمور,الجيزة.,الجيزة,45 أ ش ربيع الجيزى,N/A
