collection,location,Description
statue of ptolemaic queen in Isis attire,Graeco-Roman Museum,"statue of a Ptolemaic queen in Isis attire 
this statue salvaged from the water of Abu Qir i 1989 , represents a deified Ptolemaic queen in Egyptian style and Isis attire , a recurring royal Ptolemaic tradition at least since Ptolemy II . she is dressed in a short - sleeved tunic and fringed mantle , whose ends are wrapped in the form of the traditional Isis knot between the breasts , and a sandal on her feet . in her right hand , she holds the life ( ANKH ) sign and in her left hand , the cornucopia full of grapes and fruits , symbolizing fertility and abundance , since Isis was associated with the Nile flood and the fertility of the land . 
Date: Ptolemaic period ( 1B.C )
SOURCE: Abu Qir - Alexandria 
Material: Black Basalt"
statue of the goddess Isis,Marsa Matrouh Museum,"Seated statue of the goddess Isis nursing Harpocrates – Harpocrates missing head and feet, Isis missing feet; surface covered with a layer of rust.
material: Bronze
dimensions: H 9.7 W 3.2
provenance: Heracleion"
A handle,Marsa Matrouh Museum,"Fragment of a handle depicting two faces of Hathor, features indistinct, with a layer of rust and surface erosion.
material: Bronze
dimensions: h 7.5
                    w 4.3
provenance: Heracleion"
statue of cat,Marsa Matrouh Museum,"statue of cat, thought to represent the goddess Bastet; the back part is missing, with surface erosion, one of the feet missing, holes on the body, and hollow interior. Exhibits rust and marine encrustation.
material: Bronze
dimensions: H 18 cm
provenance: Heracleion"
Pottery vessel,Marsa Matrouh Museum,"Reconstructed and restored pottery vessel with two handles, decorated with exterior motifs; reassembled with portions missing from the body and neck.
  material : Faience
provenance :  Heracleion"
Thonis-Herakleion Stela,Alexandria,"Containing a hieroglyphic text, this stela is a memorial dedicated to documenting the first year of the reign of King Nectanebo I, one of the most prominent kings of the Thirtieth Dynasty, which represents the last local Egyptian dynasty before the Second Persian Conquest. The stela is a relic of the Naucratis Stela, indicating parallel administrative or religious relations between the two coastal cities. This stela provides a precise chronological reference to the beginning of Nectanebo I's reign. The stela is a vivid testimony to the religious and administrative activity of Thonis-Herakleion, which was an international port and a thriving commercial and religious center until it was submerged.
Historical period: Thirtieth Dynasty - First year of the reign of King Nectanebo I, around 380 BC
Material: Black granite
Dimensions: Length 195 cm - Width 88 cm - Thickness 34 cm - Approximate weight: 1.664 tons.
Original location: The sunken city of Thonis-Herakleion, located in the Abu Qir region - northern Egypt, near the mouth of the Canopic branch of the Nile"
Ptolemaic queen in the form of the goddess Isis,Alexandria,"A colossal statue of a Ptolemaic queen in the form of the goddess Isis. It is one of the largest female statues discovered from that period. Isis is important goddess in Egyptian belief, symbolizing motherhood, magic, and protection. The depiction of the queen as Isis reflects a combination of political power and religious sanctity and shows the queen's emphasis on her role as a ""mother"" and protector of the king and the people. its connection to the land, the Nile, and fertility. This statue is a powerful example of the cultural fusion between the Egyptians and the Ptolemies for propaganda purposes that enhance the sanctity of royal rule and support the legitimacy of the government.
The statue highlights the classical features of Ptolemaic art with a balance between traditional Egyptian sculpture and Hellenistic features.
Historical period: Ptolemaic era - 2nd century BC
Material: Pink Granite
Dimensions:
Height: 490 cm
Width: 120 cm
Thickness: 75 cm"
Small-sized sphinx statue,Marsa Matrouh Museum,"Small-sized sphinx statue – missing the head, neck, and part of the shoulders; the tail curves around the left haunch. 
Material: Granit_gris
Provenance: Canope
 "
A base surmounted by a human right foot,Marsa Matrouh Museum,"A base bearing a human right foot – the instep is finely carved, with all toes complete. There is a break at the junction of the foot and the leg (the back of the foot). The base is uneven due to fractures in various directions.
material: Basalt
Dimensions: Maximum height: approx. 13.5 cm
                    Maximum width: approx. 24 cm
                    Maximum length: approx. 21.5 cm
provenance: Canope
     "
Statue of the deity Bastet,Marsa Matrouh Museum,"Statue of the deity Bastet Missing the lower part and right ear, with visible rust layer and surface erosion.
material : Bronze
Dimensions:  W. 4.5cm; L. 7.2 cm
provenance : Heracleion"
Statue of the god Hapi,Alexandria,"The god Hapi is one of the most important religious symbols in ancient Egypt, representing the flooding of the Nile River, the source of life and fertility. The statue features symbolic physical features such as a full belly and sagging breasts, features that signify abundance and fertility (two traits associated with the Nile flooding).
The god Hapi was worshipped as a fertilizing force. He was a god who was clearly genderless, combining symbols of masculinity and femininity (universal nature). The presence of a statue of this size indicates the greatness of this god in Egyptian beliefs, especially in the later period, when the importance of rituals associated with the flood increased.

Date: Ptolemaic Period
Material: Pink Granite
Dimensions: Height: 340 cm Width: 105 cm Depth: 60 cm
Source: Artifacts recovered from the Abu Qir site, 2001"
Stela of King Ptolemy VIII,Alexandria,"A memorial stela for King Ptolemy VIII, one of the most prominent kings of the Ptolemaic era in Egypt, known by his title ""Eurgetes"". It documents the kings' achievements, religious ceremonies, and historical events. Therefore, it represents an important source for understanding the religious and administrative policies in Ptolemaic Egypt. Although the era of King Ptolemy VIII was full of political conflicts, the size and weight of the stela demonstrate the royal prestige. It is 170 cm wide, about 310 cm high, and weighs about 12 tons.
Date: ""ca. 2nd c. B.C.E.""
Medium: Granite/Quartzite
Provenance: Abu Qir"
A huge red granite statue of one of the great Ptolemies:,Alexandria,"The statue represents an idealized depiction of King Ptolemy, rendered using the traditional vocabulary of Egyptian art, with subtle Ptolemaic influences. The use of solar elements in the crown alludes to the association with the god Amun-Ra, thereby enhancing the king’s religious and political roles. The head is topped with a composite double crown. The statue weighs approximately 5.5 tons and stands at a height of about 5.25 meters.""
Date: Ptolemaic era
Medium: red granite
Provenance: Heraklion"
Lekythos (perfume bottle),Alexandria National Museum,"A bottle-shaped vessel with black glaze and a depiction of a crouching animal. The neck is narrow, the spout is broken and missing, and there is one handle. The base is circular and parts of the glaze are missing.
Medium:Terre_cuite
Date:5°/4° c. B.C (-400/-375)
 Provenance: Heracleion
   "
Sphinx,Alexandria National Museum,"A statue of the Sphinx with a broken front left foot missing, and a part of the back right foot missing, tilted
Date: 1st cent. B.C
Medium: Diorite
Provenance: Heracleion"
Sphinx statue,Alexandria National Museum,"A statue of the Sphinx, the statue is incomplete and the surface is eroded
Date: 1st cent. B.C
Medium: Granit_noir
Provenance: Heracleion"
Priest Holding Osiris-Canopus Vase,Alexandria National Museum,"A statue of a priest missing his feet and legs, carrying a canopic jar of the god Osiris, wearing a cloak covering his hands, and with a shaved head.
Date: 1st cent. B.C
Medium: Black granite
Provenance: Heracleion"
Shallow dish (phiale),Graeco-Roman Museum,"A semi-circular dish with raised, outward-pointing edges, irregularly dented parts, and a circle in the center.
Date: 4°- 2°cent B.C.E
Medium: Gold
Provenance: Heracleion"
Queen Dressed as Isis,Graeco-Roman Museum,"A statue of a woman believed to be Isis, broken into four parts: the head, the torso, the middle, and the base with the feet. this statue depicts a ptolemic queen in Isis attire, with the distinctive corkscrew hairstyle known as berenike’s hairstyle . this statue seems to have been dedicated in one of the temples of canopus (modern Abuqir). canopus was a flourishing suburb near alexandria. many temples were built there for Greek and Egyptian deities. 
Date: 2° c. B.C.E
Medium: gray granite
Provenance: Heracleion"
Coin with Head of Ptolemy I,Graeco-Roman Museum,"A semi-circular coin with an eagle spreading its wings on one side and Greek letters on the other side, and a royal face on the other side.
Date: 3°cent.  B.C (-295/-285)
Medium: Gold
Provenance: Heracleion"
Amphora,Graeco-Roman Museum,"A medium-sized pear-shaped earthenware vessel with two handles connecting the neck to the body. The neck ends with a ring-shaped rim that slopes slightly outwards. The body has cracks and traces of restoration, and the base is stripped to the bottom.
Date VI° c. B.C.E (-550/-525)
Medium: Ceramic
Provenance: Canope"
"Bust of Neilos, god of the Nile",Graeco-Roman Museum,"A statue of a bearded man believed to be the Nile god.
Date: 2° cent A.D.
Medium: Graywacke
Provenance: Canope"
Foundation Plaque of Ptolemee III,Graeco-Roman Museum,"A gold plate with a Greek inscription consisting of six rectangular lines.
 Date: 246-221 BC
Medium: Gold
Provenance: Heracleion"
square block,"959
Marsa Matrouh Museum",A square-shaped block featuring a raised relief of an equal-armed cross adorned with four letters on its arms. The surface is covered with a layer of rust
Wedjat Eye Amulet,Graeco-Roman Museum,"A small, eye-shaped piece (August) with a perforated side hole and hollow inside..
Date: 4°- 2° cent. B.C (-325/-150)
Medium: Gold
Provenance: Heracleion"
Ring Kerakles knot,Graeco-Roman Museum,"A small braided ring in the shape of an intertwined braid.
Date: 2°-3° cent. AD
Medium: Gold
Provenance: Canope
 "
Amphora,"H-10270
Marsa Matrouh Museum","A conical ceramic amphora with a long, slightly swollen neck. Two handles extend from the upper body to the top of the neck. The base tapers to a pointed end. The surface shows traces of marine encrustation"
Amphora,"H8-5971
Marsa Matrouh Museum",a ceramic amphora discovered in  
Naos of the Decades,Graeco-Roman Museum,"Part of a black basalt slab with a hieroglyphic inscription on one side. It represents part of a sarcophagus.
Date: 380-362 B.C.E
Medium: Black granite
Provenance: Canope"
Reception Saray,Manial Palace Museum,"The Reception Pavilion is asalamlik (a men’s reception area in houses and palaces). It consists of two floors. The first room on the ground floor was used as a reception area for official guests, senior statesmen, and others to congratulate Prince Muhammad Ali during official ceremonies. The second room was used to receive distinguished guests before Friday prayer in the palace mosque.
On the landing between the two flights of the staircase leading up to the upper floor is a model of the 877-9 AH / 1472-4 AD mosque of Qaytbay, made of wood inlaid with mother of pearl at the school founded by Muhammad Ali’s mother, Emina Ilhamy.
The upper floor has two halls. The one on the left of the staircase is the Moroccan Hall, so named after the style of its decoration. To the right of the staircase is a small vestibule that leads to the Syrian Hall, which gets its name from the wood covering its walls and ceiling whose exquisite decoration is done in the same style as in wood decoration in Syrian architecture in the Ottoman Period. The other door in the vestibule leads to a small room for women whose two windows are covered with beautiful mashrabiyyas-latticework screen of turned wood. In addition to the main halls and rooms, the two floors of the pavilion also contain a number of small rooms and the supple."
Residence Saray,Manial Palace Museum,"The Residence Saray is one of the oldest buildings of the palace with its construction begun in 1321 AH /1903 AD. It consists of a basement and two floors in addition to the tower. The basement contains a lot of rooms. The ground floor includes the foyer with a fountain in its centre. A number of rooms are accessed from here, including the Dining Room, Shell Salon with its furniture inlaid with mother of pearl, and the Fireplace Room attached to it. Across the entrance into the foyer is the doorway into the Mirrors Hall, where literature and poetry were read, a number of rooms and halls are attached to it: large Blue Salon with its ornate ceiling, beautiful oil paintings, and European-style leather couches, the office of Prince Muhammad Ali, and a room reserved for women. On the right side of the large salon is a smaller seating area with a wonderful muqarnas roof (stalactite -like shapes)"
Statue of the engineer Imhotep,Tanta,"A statue of the engineer Imhotep, the architect of King Djoser from the era of the Third Dynasty, an ancient state, and he is represented while sitting on a chair and on the knee of papyrus
History: The Third Dynasty
Material: Bronze
Provinance: Egypt"
A statue of Isis,Tanta,"A statue representing the goddess Isis, sitting and breastfeeding the baby Horus
History: Greco-Roman
Material: Bronze
Finding place: Tell el-Faraeen, Kafr El-Sheikh"
A statue of Amun,Tanta,"A statue of an Egyptian deity ""Amun"" in the form of a human being, standing on a pedestal and on a pedestal, and on his head a crown of Rashti, a cobra, a cobra, a cobra, a cobra, a cobra, a cobra, and the sign ""ankh"" Cnh, and in his right hand the cobra.
History: Greco-Roman
Material: Bronze
Where to find: San Al Hajar"
Oil bottle,National Police Museum,a pear-shaped bottle decorated with fish scales inscriptions . Its short neck ends with a narrow spout from which the oil can be poured. Its shape is similar to a grenade. Date: Fatimid period. Material: pottery.
Helmet,National Police Museum,"A helmet to protect the head and nose, it has a decorative element which looks like a short spear. It is engraved with floral decorations and writing. Date: Mamluk period. Material: Steel."
Painting,National Police Museum,Painting: a painting of four individuals in official uniform. They are sword bearer and the others are part of the Royal Guard.  Date: Ottoman Period. Material: Paper-oil paint.
First manual fire- engine,National Police Museum,"a primitive, English-made fire engine. It consists of a simple rectangular box that rests on four wheels. It was pulled by horses to the site of the fire.  Date: Ottoman period, 1766. Material: wood."
Deception weapons,National Police Museum,"a rifle disguised as a walking cane with a curved handle shaped like the head of a snake. Date: Ottoman Period. Material: wood-ivory.
 "
Defensive weapons,National Police Museum,an oval shield with handle in middle. Date: Ottoman period. Material: Wood - leather and -turtle shell.
Dagger,National Police Museum,the dagger is one of the oldest weapons used by the ancient Egyptians for self-defence. History: Ancient Egyptian. Material: Wood-Copper.
Model of a boat,National Police Museum,the boat shows ten sailors. Date: Ancient Egyptian. Material: wood.
Ramadan cannon,National Police Museum,"A Krupp cannon, known as the “Ramadan canon,” consisting of a large iron body resting on an iron base with two wooden wheels and iron frames. Date: Muhammad Ali Dynasty, 1871. Material: Iron-wood."
pot bottom,Museum of Islamic Art,"bottom of an enameled pottery vessel is decorated with the inside of the polo Sticks blazon, which symbolizes the sport of polo which the Mamluks were interested in .
This blazon appears on many Islamic artifacts, and the blazon is emblem symbolizes to specific Job. polo Sticks blazon symbolizes to” Jokandar” Job, who is the bearer of polo sticks for the Sultan while practicing polo. Sultan al-Nasir Muhammad ibn Qalawun was the most interested in this sport during the Mamluk era.
Date: 9th century AH / 15th century AD ( Mamluk Era)
Medium: enamelled pottery.
Provenance: Egypt"
Surgical scalpel,Museum of Islamic Art,"A surgical scalpel with a long handle tends in a sharp blade; the blade is less thick and less narrow than the handle. Excavations which took place in the city of Fustat – the first capital of Islamic Egypt established by Amr ibn al-'As in the year AH 21 / AD 641 – revealed a large cache of surgical instruments, considered to be the oldest extant of their kind. This collection demonstrates Islamic Egypt's remarkable progress in the fields of medicine and surgery.
 Date: Hegira 3rd century / AD 9th century.
 Mideum: Cast copper.
Provinence:  Egypt "
Private Alay,The Royal Carriages Museum,"This special Alay carriage (alayis, a Turkish word means ""regiment"" or ""battalion"") is a type of carriage named ""Berline"" after the city from which this carriage had been originated. It was a gift from French Emperor Napoleon III and his wife Empress Eugenie to Khedive Ismail on the occasion of the Suez Canal inauguration in 1869.
It is a four-wheeled, enclosed ceremonial carriage. It has two bench seats facing each other and an elevated front seat for the coachman, in addition to a rear leather platform for the groom. It was pulled by eight horses headed by a ninth horse for the guide. It was accompanied by a regular Alay and two half-Alay carriages and was served by fourteen persons: one guide, two postilions, one coachman, two Grooms and eight Qumshagis (footmen).
King Farouk I ordered to be renewed and used it in Parliament in 1942. It was also used in wedding ceremonies, the most famous of which was King Farouk's wedding to Queen Farida in 1938.
Khedive Ismail met the beautiful Eugenie during his studies in France; Then he surprised that she became Empress of France, and when Suez Canal inauguration, he invited her to attend the inauguration and built for her Gezira Palace (Marriott Hotel) in Zamalek  with French style as a mirror image of Tuileries Palace so feels that she is still in France. Khedive Ismail also ordered to establish Jabaliya Garden for Empress to enjoy, and when Eugenie departed after the inauguration of Suez Canal, he presented a bedroom from pure gold to her. Empress has been visiting Egypt annually after the death of Khedive Ismail and begins her visiting in Cairo by visit widows of Khedive Ismail, and all places she visited with him and visiting his grave in Al-Rifai Mosque."
Holy Qura'n,Cairo International Airport Museum - Terminal 2,     
Illustrated manuscript,Cairo International Airport Museum - Terminal 2,     
The Book of Esther,Cairo International Airport Museum - Terminal 2,     
Pocket watch,Cairo International Airport Museum - Terminal 2,      
Jug and basin,Cairo International Airport Museum - Terminal 2,    
A bust of a young man,Cairo International Airport Museum - Terminal 2,       
Funerary stela,Cairo International Airport Museum - Terminal 2,       
The upper part of a royal statue,Cairo International Airport Museum - Terminal 2,      
Servant statue of man grinding grain,Hurghada Museum,"Bread was a staple food in ancient Egypt, as it continues to be today. The dead, just like the living, needed a steady supply of food to survive, so it is not surprising thatmany of the servant statuettes discovered in tombs are involved in the various stages of making bread, just like this one. Some are depicted kneading dough, and others baking bread, but before these steps, the grain had first to be ground. This particular statuette depicts a man performing this crucial activity. The presence of this first step in the bread making process could thus stand in for the whole, guaranteeing that the deceased would have all the bread he needed for eternity.
Giza
Old Kingdom (ca. 2686 – 2125 BC)
Painted Limestone"
Canopic Jars of Isetemkheb,Hurghada Museum,"During the mummification process, certain organs of the deceased, namely the liver, lungs, intestines and stomach, would be mummified, wrapped separately and then placed in four “canopic” jars.
These jars are known from the Old Kingdom onwards, and display certain changes over time. Beginning in the New Kingdom, these jars were topped by the heads of the “Four Sons of Horus,” who functioned as guardians for the internal organs. As seen in this example, these deities took the form of a baboon, a jackal, a falcon and a man.
This beautiful set, which has retained much of its color, are painted with the name of their owner, Isetemkheb, who held the important title Chief of the Musical Troupe of Amun-Re. She was the wife of the High Priest of Amun Pinudjem II, and the mother of King Psusennes II.
Deir el-Bahari, TT 320 (First Royal Cachette)
Third Intermediate Period, Dynasty 21 (ca. 1069 – 945 BC)
Calcite"
Offering Table of Thutmose III,Hurghada Museum,"For the ancient Egyptians, the gods and the dead had the same needs as the living, and had to be provided constantly with food and libations. An early manifestation of this belief is the offering table, a stone slab where various food items and drinks could be placed for consumption by the deceased or the divine.
Offering tables often were made to resemble the hetep sign, the hieroglyph for offering, as this one does. The table consists of a rectangular slab, representing a mat, with a section representing a loaf of bread protruding from the middle of one side. One way of guaranteeing that offerings would be made continuously was to carve representations of food and drink and the “offering formula” onto the table itself, thus making the table eternally functional.
This example comes from Karnak Temple and belongs to one of the most powerful kings of Dynasty 18, the great warrior king Thutmose III. On the front faces of the table are images of the king kneeling to present vessels filled with liquid, and on the top surface, in place of carved items of food and drink, are forty holes to hold offerings. The titulary of the king is inscribed on the protruding part of the table, and the sides are adorned with Isis knots and djed pillars, representing protection and stability.
Luxor, Karnak Temple, Precinct of Amun, Central Court
New Kingdom, Dynasty 18, Thutmose III (ca. 1479 – 1425 BC)
Granite"
Statue of Meritamun (The “White Queen”),Hurghada Museum,"A masterpiece of Egyptian art, this statue has been identified as Meritamun, the daughter of Ramses II and his Great Wife. Although her name is missing here, the titles and epithets are the same as those on a statue of this princess (who became her father’s Great Wife after the death of her mother) found at Akhmim.
Meritamun wears here a number of accessories which display the royal fashion and style of Dynasty 19. Her crown (a “modius”) is formed by a wall of cobras with sun disks on their heads; she most likely originally had a tall headdress of two ostrich plumes with a sun disk atop her head. Around her forehead is a fillet fronted by two cobras, one wearing the crown of Upper Egypt and the other with the crown of Lower Egypt. Her elaborate tripartite wig, with each small lock carved separately, still retains some blue pigment.
Her wig leaves her ears exposed, revealing round earrings of gold. She also wears an intricate broad collar composed of five rows of beads in the shape of the hieroglyph nefer, meaning beautiful. Meritamun’s breasts are decorated with rosettes, and on her surviving left arm are two bracelets. In her hand, she holds an object called a menat necklace, used to make a rattling noise during sacred rituals. It is composed of rows of beads with a counterpoise, here in the shape of the goddess Hathor as a woman, associating the princess with the goddess. Meritamun’s surviving titles here include: “Player of the sistrum of Mut and the Menat of Hathor.” 
Dynasty 19, reign of Ramesses II
Painted limestone
 "
Mosque lamp,Museum of Islamic Art,"  Mosque lamp containing the name , titles and the symbol of Prince Shaykhu One of the princes of Sultan Hassan. The neck is decorated with Naskh inscription, containing a Qur'anic verse from  Surat Al-Nur "" the Light"". 
Date: Mamluk period - 9H/15m century
  Mideum: Glass
  Provinence:Cairo
 "
The celebration halls(Bayt Amna bint salim),Gayer Anderson Museum,"The celebration halls are among the most beautiful and important halls of the museum, as they contain wooden furniture, metal antiques, a wooden ceiling and wooden cabinets."
Haramlek(Bayt Amna bint salim).,Gayer Anderson Museum,"The hall contains chairs, an oval table, a mashrabiya, and some cupboards that contain many glass artifacts, porcelain dishes, a hanging carpet and some inscriptions."
Damascene Hall( Bayt Amna bint salim).,Gayer Anderson Museum,"The hall was distinguished by a room dating back to a Damascene palace that contained a bed, chairs, and a copper table with movable wooden legs. The hall was flogged with wood decorated with inscriptions, house drawings and flowered plants, and the hall had a number of metal artifacts."
Muhammad Ali Hall( Bayt Amna bint salim).,Gayer Anderson Museum,"This hall contains a salon and two cupboards in which decorated glass crafts, some metal artifacts, chairs, small tables, a chandelier, and a picture of Muhammad Ali."
Queen Anne Hall( Bayt Amna bint salim).,Gayer Anderson Museum,"It contains a wooden dining table with wooden chairs, some wooden cupboards, metal candlesticks and a small metal statue."
Necklace - Governor Mohammed Ali Pasha,Royal Jewelry Museum," A gold “Mohammed Ali Pasha” collar, consisting of 16 decorative motives; eight having the inscription “Mohammed Ali” and eight in the shape of gold flower with diamonds.
Date: Mohammed Ali dynasty
Medium :gold
Provenance :Egypt"
Statue of the Dwarf Seneb and his Family,The Egyptian Museum,"This group statue of the dwarf Seneb and his family was found in a naos in his mastaba tomb in Giza. Seneb is represented seated, with his legs crossed, beside his wife who embraces him affectionately. His wife is of normal height. For the sake of the symmetry of the composition, the sculptor carves the couple’s two children where Seneb’s legs would have been, had he been of the same height as his wife. The children are represented naked, with their index finger in their mouth–the standard manner in which children were typically depicted in art. The boy is seen on the viewer’s left, wearing a sidelock of youth and depicted in skin that is darker than his sister’s, who stands on his left. The sidelock of youth was typically worn by male children, and was cut off at puberty.
The inscriptions on the base and the front of the seat tell us that Seneb was the funerary priest of the deceased kings Khufu and Djedefra, and in charge of the royal wardrobe.
Seneb’s tomb is very interesting, for it has the first ceiling dome over a square chamber.
Late Dynasty 5- Early Dynasty 6 (24th – 23rd Century BC)
Provenance: Giza, Tomb of Seneb.
Medium: Painted Limestone."
Statue of Mentuhotep,"JE 36195
The Egyptian Museum","Mentuhotep Nebheptre, the king who unified Upper and Lower Egypt for the second time after King Narmer. He is depicted wearing the Red Crown and the tight fitting costume of the Sed festival, a jubilee celebrated after 30 years of a reign. His black skin and the position of his crossed arms associate him with the god Osiris, god of death, fertility, and resurrection. The statue was found by chance in 1900 by Howard Carter as he rode through the forecourt of Mentuhotep’s mortuary temple at Deir al-Bahari, when his horse tripped on something. Upon investigation, this turned out to be a stone slab covering a shaft. Carter excavated it, and discovered a small chamber containing the statue intricately wrapped in linen, along with other artifacts.
Middle Kingdom, 11th Dynasty, Nebheptre Mentuhotep (c.2055–2004 BC)
Medium: Painted sandstone
Provenance: Deir al-Bahari, Mortuary complex of Mentuhotep Nebheptre"
Pitcher Belonging to Tabtaq,Museum of Islamic Art,"A jug made of copper inlayed with silver with decorations and inscriptions in the Naskh script, represented in the titles of the owner of the jug, including “what he did in the order of the headquarters of the honorable high Mawlawi al-Adli al-Ghazi al-Mujahideen al-Murabati al-Makhdudumi al-Saifi Tabaq al-Malik al-Ashrafy.” He is one of the princes of King al-Ashraf Khalil bin Qalawun. It appears on the jug (logos). It bears the drawing of a cup denoting the job of the water- supplier or the drinker - the one responsible for the Sultan’s drinkies . Tabtaq became governor of the city of Qus in Upper Egypt, and the jug has a neck adorned with three ribbons, the middle of which bears Du’aa writing, and it was also provided with a lid with two hinges and a strainer placed inside it. It’s found in excavations of Qus in Upper Egypt.
Mamluk period 709-741 AH / 1309-1340 AD.
Medium: Copper inlayed  with silver.
Provenance: Egypt."
The Mummy of Masaharti,Mummification Museum,"General of the army, and high priest of Amun at Thebes. He was the son of king piedjem I. His mummy was found in the royal cache at Deir El Bahri in 1881. The mummy of Masaharti was perfected, show the high standard for the art of mummification during Dynasty 21, the face was painted with red ocher, and the middle finger of the right hand still has it’s gold finger cap."
Canopic Jars,Mummification Museum,"In the mummification process, organs were removed to allow the preservation of the body. At the same time, the deceased needed them for his afterlife. For this reason, the four most important organs, aside from the heart, were embalmed separately, and stored in four corresponding vessels, called canopic jars. These were the liver, lungs, stomach, and intestines. They came to be placed under the protection of one deity each, collectively known as the Four Sons of Horus, each of whom was depicted with the head of a different animal: Imsety (human) who was responsible for the liver, Hapy (baboon) for the lungs, and Duamutef (jackal) and Qebehsenuef (falcon) for the stomach and intestines respectively.
Medium: Calcite/Alabaster"
A wooden model of a Funerary boat,Mummification Museum,"Boats were used to transport the mummy to the cemetery on the western bank of Nile. The coffin was accompanied by relatives and Funerary Priests, including two women, representing Isis and Nephthys."
Statue and mummy of a cat,Mummification Museum,"Statue and mummy of a cat , the sacred amimal of the goddess Bastet . her cult became extremely important during the late period , especially in Tell Basta (zagazig ) – the statue : Sycamore wood – gurna .
Mummy establ Anter"
Ram Mummy,Mummification Museum,"Rams were sacred to Khnum, a creator god who was often shown shaping people on a potter's wheel before they were born. He was depicted as a ram‑headed man. As part of his animal cult, this spectacular mummy, encased in cartonnage (layers of linen drenched in plaster) that has been shaped like a ram with a brightly painted front and a gilded head, was dedicated to Khnum on Elephantine Island, his main cult center.
Medium: Cartonnage, paint, gold
Provenance: Elephantine Island, Aswan"
Tonneau Carriage,The Royal Carriages Museum,"Tonneau Carriage for driving His Highness Prince Farouk, Prince of Upper Egypt, 1922-1936."
Iron Sufis hand-bag “Kashkoul”,Museum of Islamic Art,"Iron Sufis hand-bag “Kashkoul” Iran – Safavid, 11- 12th A.H/ 17-18th A.D Century. 
""The term “Kashkoul” is a utensil for Sufis just like a hand bag he can use during his trips. It has several uses, however, it has a symbolic significance means the survival ship, transferring him safety to the hereafter."
Icon of Saint Antony and Saint Paul,The Coptic Museum,"This famous icon represents the visit of Saint Antony (on the left) to Saint Paul, who lived  in the eastern desert near the Red Sea."
The Piper's Curtain,The Coptic Museum,"A Curtain decorated with a piper and on the left vertical panel of warriors and dancers depicted on.
The Copts were famous for their outstanding weaving skills. They exported their products to countries around the Mediterranean. The textiles were mainly made of plain linen, while the surface was decorated with dyed woolen threads. This technique is called tapestry. One of the finest examples of Coptic tapestry was probably used as a curtain and is decorated with a dark-skinned piper (on the right), dancers, warriors, and men on horseback.
Date: 4th or 5th century A.D.
Mideum:  linen and wool
Provinence: Antinoopolis (modern al-Sheikh Ibada)
 "
Decorated niche of Virgin Mary,The Coptic Museum,"Decorated  Niche of Virgin Mary suckling  the infant Jesus.
Excavations at the Monastery of St. Jeremiah in Saqqara have yielded several niches that were pierced into the eastern walls of monks’ cells. Monks used these niches as spaces in which to pray. These niches bear Christian scenes showing the enthroned Jesus. Two niches are decorated with the Virgin Mary nursing the infant Jesus. She is depicted flanked by angels and saints.
Date: 6th or 7th century A.D
Mideum:Tempera 
Monastery of St. Jeremiah - Saqqara "
Narmer Palette,The Egyptian Museum,"The Narmer Palette contains some of the earliest hieroglyphic inscriptions ever found. It is thought to depict the unification of Upper and Lower Egypt under King Narmer. On one side, the king, wearing the Red Crown of Lower Egypt, marches in a victory procession. Below him, the necks of two mythical animals, called serpopards, intertwine, while being restrained by human figures. They are thought to represent Upper and Lower Egypt being brought under the king's control. On the other side, the king is depicted wearing the White Crown of Upper Egypt, about to smite a Lower Egyptian chief. This image of the king smiting an enemy would become iconic of ancient Egyptian kingship, and was still carved on the very last ancient Egyptian temples ever constructed.
Early Dynastic Period, 1st Dynasty, reign of Narmer (c.3100 BC)
Medium: Green schist
Provenance: Hierakonpolis"
Khufu Statue,The Egyptian Museum,"This statue depicts King Khufu (known to the Greeks as Cheops), the builder of the Great Pyramid of Giza. Ironically, this small, 7.5‑cm‑tall, statuette is the only confirmed contemporary three‑dimensional of this king. When it was first discovered, the head was missing. Noticing that the break was recent, Sir Flinders Petrie, aware of the importance of the find, ordered a search for the missing head, which was finally discovered three weeks later.
Old Kingdom, 4th Dynasty, reign of Khufu (c.2589–2566 BC)
Medium: Ivory
Provenance: Abydos"
Statue of Ka-aper,The Egyptian Museum,"The number of wooden statues that survived from ancient Egypt is very small, compared to their stone counterparts. The reasons behind this are that the quality of local wood was poor. High-quality wood, such as cedar, had to be imported from places like Lebanon. Another reason is that wood does not survive the as well as stone. Many wooden statues probably disintegrated through time.
This beautiful piece was made for the priest-reader, Ka-aper. It was originally plastered and painted. He is represented in a striding pose, with his left foot forward, and holding a staff (now substituted with a copy) in his left hand. His right would have probably held a cylinder. The level of realism with which the subject is represented is impressive, and contrasts with the extreme idealism in which kings and members of the royal family were depicted. Ka-aper is shown as a corpulent man, probably reflecting his affluent status. His eyes are inlaid with calcite, rock crystal and black stone, outlined with copper, in imitation of eye make-up. These exquisite eyes and the portrait-like facial features add to the life-like quality of this statue, that when the workmen in Mariette’s excavations discovered it they thought it resembled the mayor of their village so much, that the statue was coined “Sheikh el-Balad” (mayor), a name by which this statue is still known today, even by non-Egyptians.
Provenance: Saqqara, Mastaba of Ka-aper
Date: Old Kingdom, Dynasty 5 (ca. 2465-2323 BC)
Medium: Wood; Eyes: Rock crystal, calcite, copper, black stone"
Statue of an elephant,Royal Jewelry Museum,"A unique masterpiece and there is no other piece of it that was dedicated to King Farouk of the Shah of Iran (Mohammed Reza Pahlavi), the first husband of Princess Fawzia, sister of King Farouk.
It is an ivory elephant statue with a gold saddle, topped by a gold hedge, both of which are inlaid with precious stones such as pearl and sapphire. Gold, in the middle of it is a light blue stone inlaid with pearls, and around the neck of the elephant is a chain of gold hanging a bell, and the tusks of the elephant are made of ivory, the tip of which is covered with a layer of gold..
Date :Mohammed Ali dynasty
Medium:Ivory encrusted with gold and precious stones
Provenance :Egypt
 "
Set of Queen Farida,Royal Jewelry Museum,"Set made of platinum and gold 18 Kt, crown consists of five flowers arranged according to size, and the biggest one is set in the middle.
Date :Mohammed Ali dynasty
Medium : platinum and gold 
Provenance :Egypt"
Psalter,The Coptic Museum,"The first complete version of the Psalter had been found in a cemetery dates back to early Christianity. It was placed under a child mummy.
Beni Suef
4th - 5th century A.D"
St. Jeremiah’s Pulpit,The Coptic Museum,"Ambon, known as “Jeremiah’s Pulpit”.
 Date: 6th century A.D
Mideum:stone
Provinence:The Monastery of St. Jeremiah in Saqqara. - egypt"
Khafre Statue,The Egyptian Museum,"This statue depicts King Khafre (Khefren to the Greeks), the builder of the second largest pyramid at Giza. It was found in the valley temple of his pyramid complex. The king is majestically seated on a throne with all the confidence of a man who built a mountain. The two sides of his throne are decorated with the sema-tawy, symbol of the unity of Upper and Lower Egypt, signifying his rule over the two halves of the country. Perched on the back of the throne, behind the king's head, the god Horus in the form of a falcon spreads his wings around the king's head in a gesture of protection.
Old Kingdom, 4th Dynasty, reign of Khafre (c.2558–2532 BC)
Medium: Diorite
Provenance: Giza"
Masks of Yuya and Thuya,The Egyptian Museum,"The mummies of Yuya and Thuya were discovered wearing these cartonnage masks covered with gold leaf. Yuya was the father of Queen Tiye, wife of king Amenhotep III, and husband of Thuya. Yuya came from the town of Akhmim, where he probably held estates and where he was a priest of the Egyptian god Min, the chief god of the area. Thuya held important religious titles, in addition to the title of the Royal Mother of the Great Wife of the King.
New Kingdom, 18th Dynasty, reign of Amenhotep III (c.1390–1352 BC)
Medium: Cartonnage, gold
Provenance: Luxor, Valley of the Kings, Tomb of Yuya and Tjuya (KV46)"
Menkaura triads,The Egyptian Museum,"Group statue of king Menkaura. This sculpted group statue, shows King «Menkaure» between two ladies. The goddess «Hathor» is on his right and goddess (Bat), is on his left. He wears the crown of Upper Egypt (The white crown). Goddess «Hathor» wears her usual crown, composed of the sun disk between the two cow's horns, while the other lady is wearing the symbol of her nome.
Provenance: Giza, Valley Temple of Menkaure.
Date: Old Kingdom, Dynasty 4, Reign of Menkaure (ca. 2494-2472 BC).
Medium: Grey-green Schist."
A collection of Medal,Royal Jewelry Museum,"A collection of Medalmade of diffrent materials .
Date:  Mohammad Ali dynasty 
Mideum: Glod -Silver -Gemstones
Provinence:Egypt .
   "
Golden Chess Set,Royal Jewelry Museum,"This luxurious chess set consists of 32 chess pieces inlaid with 425 stones from diamonds and decorated with colored enamel. The chess pieces take the form of humans and animals. The human pieces reflect the rank of their chess counterparts, with the king piece representing the person of a ruler, and the pawns riflemen. The bases of the pieces bear colored enamel paintings of historic personalities and buildings.
Date: Muhammed Ali Dynasty, King Faruq (1936–1952 AD).
Medium: Gold, precious stones.
Provenance: Iran."
Door of silver laminated wood,Museum of Islamic Art,A door of silver laminated wood dating back to the era of the family of Muhammad Ali 13th A.H - 19th A.D century.
Household utensils,Royal Jewelry Museum,"A collection of household utensils from gold and diamonds
Date : Mohammed Ali dynasty
Medium: gold and diamonds
Provenance :Egypt"
"Astrolabe, Compass, Celestial sphere",Museum of Islamic Art,"Astrolabe, copper alloy, inlaid with gold and silver,
bearing the name Sultan Bayezid
9th AH/15th AD century-Turkey
Compass of copper inlaid with silver
Safavid period 12th century AH / 18 AD - Iran
Celestial sphere of copper by the work of the manufacturer Ziauddin Mohammed
The Ottoman era in 1070 AH - Egypt"
Set of princess Shivakiar,Royal Jewelry Museum,"Set made of platinum and diamond consist of crown, earring.
Date : Mohammed Ali dynasty
Medium : platinum and diamond
Provenance :Egypt"
Golden set of collection Malak Tosson,Royal Jewelry Museum,"Golden set consists of brush, cups and sword decorated with floral motifs and the letter “M”.
Date :Mohammed Ali dynasty
Medium: gold
Provenance :Egypt"
Luxurious Desk Set,Royal Jewelry Museum,"This luxurious desk set consists of three gold inkwells, one gold vessel for the sponge, one double pen case, one pair steel scissors, one ebony ruler pen, one envelope opener, one vessel for sand stones. These items go in a wooden box is decorated with 166 brilliant diamonds.
Collection owner: Said Toson
Date: Muhammad Ali Dynasty
Provenance: Egypt "
Qibla finder of wood,Museum of Islamic Art,"Qibla finder of wood lacqatuered painted wood.
Date:12 A.H/ 18th A.D Century.
 Provinence: Turkey.Ottoman .
 "
Collection of Watches,Royal Jewelry Museum,"A collection of pocket watches made of gold in different shapes, some with pictures of people, others with names and other decorations.
Date :Mohammed Ali dynasty
 Medium: gold
Provenance :Egypt
    "
Osiris Statuette,Mummification Museum,"Osiris was the god of vegetation and the underworld. He was the deity who oversaw the weighing of the heart, which determined whether the deceased was worthy of admittance into the afterlife. For this reason, he was revered by the deceased, and statuettes such as this one were made to be placed in tombs. Another reason for this veneration are the stories of the death of Osiris, his mummification and subsequent transition to the afterlife, an outcome which every human hoped to emulate."
Statue of Nephthys,Mummification Museum,"Nephthys, whose name means “Mistress of the House”, played an important role in ancient Egyptian funerary beliefs. Her and her sister Isis’ grief at the death of their brother Osiris made them the archetypal mourners for the dead. She is here depicted in the standard mourning position, kneeling; had her arm not been missing, it would have been turned upward, with the palm of her hand facing her forehead. When she and Isis discovered the body of their murdered brother, they stood on either side of him, and resurrected him. For these reasons, Isis and Nephthys are depicted at either end of a coffin or sarcophagus, often in the mourning position. This figure of Nephthys most likely comes from precisely this context."
Kohl Container,Museum of Islamic Art,"Ivory kohl""Eyeliner""container, inlaid with mother-of-pearl.
Period:  Mamluk or ottoman.
 Date:  9th -10th A.H / 15th-16th A.D century.
 Provinene: Egypt"
Ewer made of copper,Museum of Islamic Art,"Ewer made of copper decorated in enamel and gold.
Date: 13th A.H/ 19th A.D century.
Mideum:copper
 Provinence: Iran - Qajar."
Incense Burner,Museum of Islamic Art,"Incense burner made of a copper alloy inlaid with gold and silver.
Mamluk Period, 8th century AH / 14th century AD
Medium: Copper, gold, silver
Provenance: Egypt"
Sarcophagus of Kawit,The Egyptian Museum,"This is the sarcophagus of Queen Kawit, the wife of King Nebhepetre Mentuhotep, the founder of the Middle Kingdom. The outer faces are beautifully decorated with daily life scenes, in one case depicting her drinking in front of a table laden with food, while one of the maids is hairdressing the queen's hair, and a maid pours her next drink. She holds a mirror in her free hand. In another scene, she is shown holding a lotus flower to her nose while dipping her finger in an unguent container held up by a servant. Her chest lies in front of her, the jewelry inside it depicted one on top of the other. Other scenes show cows being milked or calves breastfeeding. The combination of beauty, seen in the mirror, jewelry, and unguent, together with the lotus, the cows, and milk, together form very clear allusions to fertility, youth, rebirth, and Hathor, the goddess of love, beauty, fertility, music, and motherhood.
Middle Kingdom, 11th Dynasty, reign of Nebhepetre Mentuhotep (c.2055–2004 BC)
Medium: Limestone
Provenance: Deir al‑Bahari"
Amenhotep III and Tiye Colossal Statue,The Egyptian Museum,"This colossal statue depicts the royal couple, Amenhotep III and his wife Tiye, along with their three daughters. This is the largest known ancient Egyptian family group statue ever carved, and it is fitting that it dates to the reign of Amenhotep III, whose prosperous rule was marked by great such monumentality.
New Kingdom, Dynasty 18, reign of Amenhotep (c.1390–1352 BC)
Medium: Limestone
Provenance: Luxor"
Djed Column,Mummification Museum,"The djed column was a symbol of stability and continuity. It was a stylized depiction of a tree whose branches have been bundled up by means of ropes. It is a symbol that is very closely tied with Osiris, the god of the dead and vegetation. An ancient Egyptian ritual consisted of erecting a djed column, which symbolized the resurrection of Osiris and by extension all plant life. Later in ancient Egyptian history, it came to be identified as the backbone of Osiris. Amulets were often shaped like the djed column to protect its wearer in death and in life."
Icon of the Holy Family’s flight into Egypt,The Coptic Museum,"This icon depicts the flight of the Holy Family into Egypt. The Virgin Mary is riding a white horse, while Jesus can be seen sitting on St. Joseph’s right shoulder.
Date: 18th century AD
Medeuim:Wood
 "
Lintel depicting Jesus Christ’s entry into Jerusalem,The Coptic Museum,"This rectangular lintel is beautifully and intricately decorated with raised relief depicting Jesus Christ’s entry into Jerusalem. This is when He entered the city, humbly riding a donkey, as crowds joyfully received Him. This event is commemorated annually on the seventh Sunday of Lent (the period of fasting between Ash Wednesday and Easter), which is known as Palm Sunday.
Date:4th or 5th century A.D.
Medium: Wood.
Provenance:Hanging Church - Old Cairo."
Three monumental keys of Monasteries,The Coptic Museum,"Three monumental keys of monastries from sohag. Two of them are decorated like a Corinthian column capital and the third is decorated with a cross.
Medium: Iron, Bronze and Copper.
Provenance: Sohag.
12th - 13th Centuries A.D.
 "
Mosque and Clock tower,Manial Palace Museum,"Mosque
The exterior of the palace’s mosque is covered with various decorative   patterns and Arabic calligraphy, all carved in exquisitely well executed relief. The portal, just as elegantly decorated with reliefs, features a graceful pointed arch. On the either side of the entrance is a panel executed in beautiful calligraphy. The one on the right is the mosque’s foundation plaque, and the one on the left lists the names of the artists and craftsmen who worked on the mosque. The latter also gives the mosque’s foundation date -the year 1352 AH (1933 AD).
The interior of the mosque is rectangular divided into two sections. The minbar (pulpit) and the mihrab are located in the one in the eastern one, on the right. The kursi of the muqri (the seat of Quran reciter) is located in the western and its made of wood and decorated with gilded Quranic verses. All the walls of the mosque are covered with beautiful ceramic tiles and the ceiling here is breath.
Clock tower
The rectangular clock tower -actually the minaret of the mosque -was built the same architectural style as the late 12th-century AD minaret of Hassan Mosque in Rabat, Morocco, built by the Almohad Caliphate. The facade features a clock in the same style as the clock commissioned by Prince Muhammad Ali’s brother Khedive Abbas Helmi II (1309 -1333 AH / 1892 -1914 AD) in the Cairo Railway Station. The Tower is decorated with floral motifs in relief. The entrance is surmounted by a frieze is containing a beautiful Arabic calligraphy of the basmala, the phrase bism Allah al-Rahman al-Rahim ‘in the name of God, the Compassionate, the Merficul’. Each face of the tower also has a balcony resting on stone corbels near the top all four sides have a rectangular bar decorated with star patterns."
Saray of the Throne,Manial Palace Museum,"Saray of the Throne has two floors. The ground floor of consists largely of a splendid long hall leading up to a throne at the end. The centre of the ceiling is decorated with a magnificent golden sunburst. Mounted on the wall behind it is a large painting of Muhammad Ali Pasha (1805-1848 AD), the great founder of the dynasty and ancestor of Prince Muhammad Ali. On both side of the hall there is gilded furniture with bright red upholstery line the passage up to the throne. The wall on the left is decorated with oil portraits of the ruling members of the dynasty of Muhammad Ali Pasha, painted by Hidayat. The wall on the right is decorated with two beautiful landscape paintings by the same artist and with beautiful mirrors with gilded frames. There is a wooden model of the mosque of Muhammad Ali in the Citadel is display behind the marble staircase that leads to the upper floor. The walls of the marble staircase are adorned with panels of Islamic geometric and floral patterns composed of colourful tiles. The upper floor comprises three chambers. The first is the ornate Aubusson Room whose walls are covered with the eponymous prized tapestry from Aubusson, France. Next is a beautiful salon whose walls are covered with ornate Islamic ceramic tiles whose colours match the valuable blue and white wares displayed in this room. The last hall includes a four-poster bed that belonged to Amina Ilhamy, Prince Muhammad Ali’s mother. A magnificent gilded wood fireplace can be seen also in this hall."
A lamp in the name of Sultan Hassan,National Museum of Egyptian Civilization(NMEC),"A lantern of glass on its neck has a gilded Quranic writing, and on its body an inscription in blue enamel with the name of Sultan Hassan, from the Sultan Hassan School
Date: Mamluk Era.
Medium:Enamelled glass
Provenance : Egypt"
Bracelets of King Ramesses II,National Museum of Egyptian Civilization(NMEC),"Gold and lapis lazuli bracelets of King Ramesses II
Dynasty 18, reign of King Ramesses II, ca. 1279–1213 BC
Medium: Gold and lapis lazuli
Provenance : Tall Basta, Eastern Delta"
Belt of Prince Ptah-Shepses,National Museum of Egyptian Civilization(NMEC),"Belt of Prince Ptah-Shepses made of gold, red carnelian
and volcanic glass
Date: Old Kingdom, dynasty 6, ca. 2323-2150
Medium :Gold
Provenance : Saqqara"
Lustreware,National Museum of Egyptian Civilization(NMEC),"Lustreware
 Date: Fatimid Period, AH 358-567 / AD 969-1169
Mideum: pottery
Provenance: unknown"
Ivory comb,The Coptic Museum,"In Egypt the use of combs can be traced back more than five thousand years when they included in burials of both men and women, a custom that continued well into the Byzantine times when some burials document the practice of placing a comb on the chest of the deceased. Wood was the most common material used for making combs, Ivory examples like this one was luxury items, some perhaps intended for liturgical use.
This ivory comb, from the Byzantine Era (330 A.D.- 641 A.D.) with its fine quality and decoration suggests that it was rather used in a liturgical context than for every-day purposes. The central panel on one side shows two angles support a wreath inside of which a warrior on horseback. On the other side of the comb two New Testament Miracles: The Raising of Lazarus and the Healing of the Blind.
6th century A.D.
Medium: Ivory
Provenance:  Deir Abu Hinnis, Minya"
The Journey of the Holy Family to Egypt,Kafr El-Sheikh Museum,"This unique roundel represents the Journey of the Holy Family to Egypt woven on a red background. In the center, in a square frame, the Virgin Mary -with the halo encircled her head- seats on the donkey carrying Christ-child. Behind her there is a building. Next to the Virgin there are two figures; one probably is St. Joseph and the other is Salome, the cousin and the mid-wives of the Virgin. The central scene is surrounded by eight figures; four standing andthe other four riding on animals at the corner.
Date: 8th -9thcentury
Medium:  Linen-wool
Provenance: Egypt"
Two Door Shutters,Kafr El-Sheikh Museum,"Two wooden door shutters inlayed with Ivory and mother of pearl. It is decorated with geometric designs and stars. The borders of the doors are framed with simple floral branches. It has a wooden lock on which is inscribed “support from Allah, and imminent victory. Give good tidings to the believers... (made by ) the Faqir (poor) Ibrahim”. This kind of inlayed decoration spread throughout Egypt during the Mamluk Bahari and Circassian periods (14-15 c AD/ 8-9 c AH). It remained in use until the Ottoman period.
Date: Ottoman Period- 10th c. AH/ 16th c. AD.
Medium: Wood, Ivory and mother of pearl
Provenance : Egypt"
Ramesses II and Sekhmet,Kafr El-Sheikh Museum,"This statue depicts King Ramesses II sitting beside Sekhmet, the fierce goddess whose very name means “the Powerful”. She was a daughter and protector of the sun god Ra. She is depicted in her most common form, as a woman with the head of a lioness with the sun disk and protective uraeus cobra on her head. She is holding the ankh hieroglyph, symbol of life, in her left hand. Interestingly, like her, Ramesses II’s head is surmounted by the sun disk and uraeus too, which is not a common for kings.
Date: New Kingdom, 19th Dynasty, Ramesses II (c.1279–1213 BC)
Medium: Red granite
Provenance: Buto"
Head of Hatshepsut,Sharm al-Sheikh Museum,"Head an Osirid (mummiform) statue of Queen Hatshepsut that stood in front of the pillars of the upper colonnade of her funerary temple. The bottom of the Red Crown of Lower Egypt can be seen. She had a ceremonial beard in compliance with the iconography expected of a pharaoh, but nevertheless the wide eyes with extended cosmetic lines, the gently curving eyebrows and the full cheeks bear distinctive feminine features.
New Kingdom, 18th Dynasty, Hatshepsut (c. 1498-1483 BC)
Luxor, Deir al-Bahari, Hatshepsut funerary temple
Limestone, painted"
A stele depicting a physician or pharmacist,Kafr El-Sheikh Museum,"The man is dressed in Greek himation and chiton, and is seated on a chair with a high back, indicating a high ranking person. He is facing an altar and treating an item in a dish with a small instrument. The rolled papyrus in his left hand indicates that he is a literate and learned person. The cupboard on his right contains three shelves bearing different shaped vessels, likely containing medicines and other healing materials. 
Date: late 2nd century AD
Material: limestone
Provenance: Terenouthis/ Abu Billu"
A votive altar,Kafr El-Sheikh Museum,"Such small votive objects were dedicated in temples or small shrines by devotees of different deities. This example shows the very common horned type, with Greek-style architectural elements: doric columns and capitals, and cornices bearing dentils. There are two sphinxes in relief on the lateral horns of the altar with a figure of standing Harpokrates between them. This structure reflects the monumental altars dedicated in important religious centers like that built by Alexander the Great in Alexandria.
Date: 2nd century AD
Material: limestone
Provenance: Kafr el-Shiekh governorate"
Head of Thutmose I,Sharm al-Sheikh Museum,"Head of an Osirian (mummiform) statue of King Thutmose I,  father of Queen Hatshepsut, with a curved ceremonial beard. It bears the typical thutmoside facial features of early to mid-18th Dynasty royal statuary, especially the wide eyes and the slight smile.
New Kingdom, 18th Dynasty, Thutmose I (c.1504–1492 BC)
Provenance: Luxor, Karnak temple, Wadjet Hall
Medium: Sandstone, painted"
Metal lantern,The Royal Carriages Museum,"Metal lantern used for illuminating the carriages, the initials of Wali Said Pasha (r. 1854-1863) were engraved on the glasses."
Stirrups,The Royal Carriages Museum,A pair of gilded bronze stirrups.
Porcelain statue,The Royal Carriages Museum,Painted porcelain statue of a horseman wearing a suit on a wooden base- Made in Austria.                 
A set of seals,The Royal Carriages Museum,A set of seals designated for the Royal Mews.
Footman’s livery worn,The Royal Carriages Museum,"Footman’s livery worn by the one who used to run alongside the carriage during official processions. The footman was responsible for preparing the carriage, guarding it and clearing the way with a bamboo stick in the morning and holding out a torch at night."
A Statue of a Ptolemaic queen,Sharm al-Sheikh Museum,"This statue depicts a Ptolemaic queen in the form of the goddess Isis, wearing a long cloak knotted at the chest with the “Isis knot.” She carries the cornucopia in her left hand, which is now missing. This type of statue appeared with the Ptolemaic queens during the reign of Arsnoi II and lasted up until the reign of Cleopatra VII. These statues combined Egyptian and Greek artistic traditions, and were often used as a form of political propaganda by the Ptolemy's, deifying their rulers following their death.
Date: The Ptolemaic period 2-1 B.C
Medium: Basalt
Provenance: unknown"
Column with Hathor Capital,Sharm al-Sheikh Museum,"The four sides of the capital of this column are decorated with the face of the goddess Hathor, depicted with a woman's face and cow ears, topped by the representation of a shrine façade. The whole is made to look like a sistrum, a musical instrument; the shaft of the column is inscribed with the name of King Apries, who is described as being the beloved of the goddess Neith the Lady of Sais, the 26th Dynasty capital in the western Delta.
Late Period, 26th Dynasty, Apries (c.589–570 BC)"
Wife of Nakhtmin,Sharm al-Sheikh Museum,"One of the most elegantly sculptured women figures from ancient Egypt, wearing a transparent garment of fine, pleated linen and a wig with a band of petals with a blooming lotus flower in the center. In her left  hand she holds a menat necklace, which is associated with the goddess Hathor. On the back in Hieroglyphs the titles of her husband General Nakhtmin are engraved as it was originally a statue of the couple.
New Kingdom, 18th Dynasty (c.1550–1295 BC)
Provenance: Luxor, Sheikh ‘Abd al-Qurna
Medium:Limestone"
Pair Statue of Tjay and Naya,Sharm al-Sheikh Museum,"This excellently preserved statue depicts the couple seated, and wearing fine clothes and elaborate wigs whose intricate details are faithfully portrayed by the sculptor. Naya affectionately has her right hand on her husband’s shoulder. On the back the couple is shown in relief sitting at an offering table facing the lady ""Tinr"".
New Kingdom, 18th Dynasty (c.1550–1295 BC)
Provenance: Giza, Memphite region, Saqqara
Medium: Limestone"
Ramses II as standard-bearer,Sharm al-Sheikh Museum,"The head of a rose granite statue of King Ramses II as standard-bearer during temple festivals, holding a standard ending in two feathers against his left side. He wears a composite crown composed of a ring of cobras topped by ram horns, a sun disk and two high feathers flanked by two large cobras. A falcon spreads his wings to protects the back of the head.
New Kingdom, 19th Dynasty, Ramses II, c. 1279-1212 B.C.
Medium: Rose granite"
Caravan,The Royal Carriages Museum,"It is a large four-wheeled wooden carriage that is unusually covered with zinc plates. Made in England, reign of khedive khedive ismail (r. 1863- 1879).
It was used for the transportation of furniture and kitchen supplies. It is equipped with front seat for the coachman, a rear door and iron handrails fixed at the top of the carriage box. it was driven by two coachmen and pulled by two pairs of horses."
Oil patinting,The Royal Carriages Museum,Oil patinting of king fouad’s favorite donkey with a royal palace in the background.
Mummy of a Man,Cairo International Airport Museum - Terminal 3,"The linen bandages are wrapped in an elaborate pattern consisting of rhomboid coffers. This style emerged in the Roman Period, when the art of bandaging mummies reached its peak. The head of the mummy is covered with a gilded funerary mask made of cartonnage (a mixture of linen, glue, and plaster). A winged sun disk, symbol of rebirth, adorns the forehead. The eyes and eyebrows are inlaid.
Roman Period, 1st–2nd centuries A.D.
Medium: Linen, cartonnage, paint, gold
provenance: Faiyum, Fag al-Gamus"
Bronze Mirror,Cairo International Airport Museum - Terminal 3,"A round mirror made of bronze, the face is polished, and the back is decorated with human and animal motifs inside small symmetrical circles, in addition to other decorations of intertwining plant branches and delicate rosettes. The mirror has a handle of the same type of metal, delimited by projections.
Both Egypt in the Mamluk period and Iran in the Mughal and Timurid periods knew the manufacture of metal mirrors as an important decorative tool that was used by princes and sultans. The decorative elements varied between human, animal, floral and inscriptions.
Mughal Period, (7th AH/ 13th AD) Century.
Medium: Bronze. 
Provenance: Iran."
Marble Bust of Arsinoe III,Cairo International Airport Museum - Terminal 3,"A royal portrait represents Arsinoe III, sister and wife of Ptolemy IV Philopator, showing the melon-frizur hairstyle, which was particular to Aphrodite and then very common with Ptolemaic queens. The bust format suggests its insertion into a statue-body carved in other material, perhaps from a royal Ptolemaic cult edifice. Many Ptolemaic kings honored the gods of Tell Basta, and even dedicated “Bubasteion"" Temple of goddess Bastet in Alexandria.
Ptolemaic Period : 221-185 BC
Medium: Marble.
provenance: Eastern delta , Tell Basta ( Zagazing)"
Palette in the form of an Antelope,Cairo International Airport Museum - Terminal 3,"Stone palettes were used since Egypt’s Predynastic Period to grind and mix pigments used as cosmetics and body paint, or to paint ceramics. Over time, heavily decorated and purely ceremonial palettes began to be made as well, the most famous being the Narmer Palette. This palette here takes the shape of an antelope. One of its horns is broken off.
Predynastic. ca. 3300-2960 BC
Medium: Slate.
Provenance: Eastern Delta, al-Mansoura.

 "
Stela of Iretweru with Osiris in a naos,Cairo International Airport Museum - Terminal 3,"This round-topped stela was made to look like a naos containing the image of the god Osiris. Each of the jambs of the naos is inscribed with the offering formula in the name of the god Osiris.  The area contained within the semi-circular top of the stela is decorated with a scene that is deeply symbolic of sunrise. The scarab was a symbol of the sun god at dawn, who was called Khepri. On either side of the rising sun disk is a baboon. The chattering of baboons at sunrise was interpreted by the ancient Egyptians as them rejoicing at the sun god’s glorious rebirth. The overall composition is furthermore is laid out to give the shape of the hieroglyph used in the writing of the word “horizon”.
Late Period, 26th Dynasty (664–332 BC).
Medium: Limestone, paint.
Provenance: Abydos, Middle Cemetery.
 "
Icon of Saint George,Cairo International Airport Museum - Terminal 3,"In Coptic art, the theme of military saints is often repeated and illustrated in different forms. It signifiesfaith, courage, and persistence and is a symbol of the triumph of good over evil., attached to it separately. St. George, wearing military garments and riding his white horse,. With his cross-lance, he is slaying the dragon,
Saint George, greatest of the martyrs”.
18th–19th centuries A.D.
Medium: Painted on linen, fixed to a wooden painted
Provenance: unknown."
Granite statue of King Thutmose III,National Museum of Egyptian Civilization(NMEC),"Granite statue of King Thutmose III
Medium: Granite
Provenance : Karnak"
Senndjem Sarcophagus,National Museum of Egyptian Civilization(NMEC),"Senndjem Sarcophagus from his tomb in Deir al-Madina
Date: Nineteenth Dynasty, New Kingdom"
Coffin of King Ramses II,National Museum of Egyptian Civilization(NMEC),"Coffin of King Ramses II
Medium: Wood
Provenance :Deir el-Bahari cache in Thebes 1881"
Canopic jars of a man called Ipi,Cairo International Airport Museum - Terminal 3,"Canopic jars were used by the Ancient Egyptians during the mummification process to store and preserve the viscera of the deceased for the afterlife. The Canopic jars were four in number, each for the safekeeping of particular human organs: the stomach, intestines, lungs, and liver, all of which, it was believed, would be needed in the afterlife. In the begging, the lids of these jars were flat then they were human-headed to resemble the deceased. Since the 18th dynasty these lids took the form of four deities known as “Four Sons of Horus” and the viscera were placed under their protection. The ape-headed “Hapi” protects the lungs, the human-headed “Imsety” preserves the liver, the jackal-headed “Duamutef” guards the stomach and the falcon-headed “Qebehsenuef” guards the intestines.
New Kingdom.
Medium: Limestone, Painted.
Provenance: Unknown .
     "
The Library(Bayt Amna bint salim).,Gayer Anderson Museum,"The library contains books, a number of painted panels, a showcase with a number of antiques, a table and chairs."
Gold Dinar Coin,Cairo International Airport Museum - Terminal 3,"On the obverse of the dinar is the name of the Mamluk Sultan Baybars and his title ""Qasim is the Commander of the Faithful."" Below it an illustration of a lion, representing the ruler. On the reverse is written ""in the name of God, there is no god but Allah, Muhammad is the Messenger of Allah."" Initially, Muslims used coins minted by the Sassanids and Byzantines. The Umayyad Caliph Abd al-Malik ibn Marwan coined the first dinar bearing Arabic writing in the year 77. The currency hence prevalent in Muslim empires were dinars, dirhams, and copper coins.
Mamluk (7 AH / 13A)
Medium: gold
Provenance: Egypt or the Levant."
Chinese Hall (Bayt Amna bint salim),Gayer Anderson Museum,"The hall contains the most beautiful pieces of Chinese-style furniture, including chairs, table, paintings, and a wooden ceiling decorated with geometric and floral patterns."
Nejim Ankh coffin,National Museum of Egyptian Civilization(NMEC),"Nejim Ankh coffin made of Cartonage covered with gold foil recovered from the Metropolitan Museum from the Ptolemaic period
Medium: Cartonnage covered with gold foil
Date: Ptolemaic period
 "
Haramlek (Winter Hall-Bayt al-Kritliyya),Gayer Anderson Museum,"It is the private residence for women and contains many wall cabinets made of decorated wood and the restaurant, pieces of wooden furniture, metal antiques, chandeliers, metal incense burners and lighting paths."
Winged Isis Statue,Cairo International Airport Museum - Terminal 3,"A statue of the winged goddess Isis in the shape of a woman whose head is crowned with the Hathoric crown (the sun disk between the cow horns), on a base of uraei. In the ancient Egyptian religious belief, Isis, along with her sister Nephthys, transformed into kites while searching for the body of her deceased husband Osiris. It was also in this form that they brought him back to life. For this reason, Isis was revered as a protector of the dead in her winged form that can be seen here.
Graeco-Roman Period (332 BC–395 AD).
Medium: Bronze.
Provenance: unknown.
 "
Al-Sabeel Hall(Bayt al-Kritliyya).,Cairo,It contained pottery and metal artifacts mythological dishes.
Indian Hall(Bayt al-Kritliyya).,Gayer Anderson Museum,"Contains a table, some Indian style chairs and some decorative boxes."
Khedivial Cairo,Cairo," Paris of the East
After a long period of decline, Egypt, especially Cairo, witnessed a new era when Muhammad Ali Pasha, the founder of modern Egypt, started his rule in 1805. He shortly began extensive development projects throughout the country. Muhammad Ali’s efforts established the foundations for his grandson, Khedive Ismail (c. 1863-1879), to initiate his own urban development projects. His visit to the “ Paris World Exhibition” in 1867 was one of city’s greatest milestones. Just as Georges-Eugène Haussmann was hired to develop Paris, Khedive Ismail charged Ali Pasha Mubarak with the task of executing a new urban plan for Cairo. Ali Pasha Mubarak himself had received an education in France, and was appointed Minister of Public Works, overseeing Cairo’s urban development. The inauguration of Suez Canal in 1869 was a pivotal stage in Cairo’s development. The old city was left intact, while a new westernized city was developed in parallel to the west, encircling the old one from the north. The “new” city was developed and equipped with spacious squares, bridges, gardens, and lavish palaces. One of its most famous buildings was the khedival Opera, which was a smaller model of Milan’s “Teatro alla Scala”. The city also contained the largest national library in the region. With the turn of the century, Cairo underwent such a transformation as to reflect diverse architectural traditions, bringing together the expertise of French, Italian, German, and Egyptian engineers."
Historical Cairo,Cairo,"City of the Thousand Minarets
General Gawhar al-Siqilli successfully invaded Egypt by order of Fatimid caliph al-Mu’izz li-Din Allah in (358 AH / 969 AD), thus starting the Fatimid Period in Egypt (358 - 567 AH/ 969 - 1171 AD). Here, he founded a new capital for the Fatimid Caliphate: Cairo (al-Qahira “the Victorious”), which thus became the fourth capital in Egypt’s Islamic Period, after al-Fustat, al-‘Askar, and al-Qatai‘. He established this new capital to the northeast of its predecessor, al-Qatai‘. Gawhar commissioned al-Azhar mosque in (359 AH/ 970 AD). This was Cairo’s first congregational mosque, and the fourth in Islamic Egypt. The urban plan of Cairo was rectangular in shape, with al-Mu‘izz Street running north-south through its center. The city’s ramparts had eight gates, with two on each side. These were al-Nasr and al-Futuh on the north, al-Barqiyya and al-Qarratin on the east, Zuwaila and al-Farag on the south, and al-Qantara and Sa‘ada on the west. During the Ayyubid Period (567- 648 AH/1171 - 1250 AD), Saladin ordered the construction of the Citadel in (572 AH / 1176 AD) so it could act as both a fortress and as headquarters.
 Cairo entered an unprecedented age of growth and prosperity during the Mamluk Period (648 - 923 AH/ 1250 - 1517 AD). New neighborhoods, such as Bab al-Luq, were built, as were a number of mosques, madrasas (schools), khanqas (hostels for Sufis), wikalas (caravanserais), forts, and sabils (public drinking fountains).
 Al-Fustat – Al-‘Askar – Al-Qata’i
Islam came to Egypt with the conquest of Amr ibn al-‘Aas in (19 AH/ 640 AD). He established a new capital, al-Fustat, with its mosque in (21 AH/ 642 AD). Al-Fustat continued to serve as Egypt’s capital throughout the Umayyad period (38 - 132 AH/ 658 - 750 AD). Then Egypt succumbed to Abbasid rule (132 - 254 AH/750 - 868 AD), centred in Baghdad. The second capital of Islamic Egypt was moved to al-‘Askar. The Abbasids suffered a process of decentralization. Consequently, Egypt was able to gain its independence for the first time during the Islamic period. Its now autonomous ruler, Ahmad Ibn Tulun, founded the Tulunid Dynasty (254 - 292 AH/868 - 905 AD) and established Egypt’s third capital, al-Qata’i. Ibn Tulun’s successors, however, were unable to preserve this independence state for long, which had in its apex extended its rule over the Levant and parts of the northern Arabian Peninsula. The Abbasids once more gained control over Egypt, reverting the capital from al-Qata’i to al-Fustat. Egypt became a subordinate province to the Abbasid Caliphate, which ruled from its headquarters in Baghdad. By then, a new ruling dynasty had emerged in Egypt: the Ikhshids (322 - 358 AH/ 835 - 969 AD)."
Thebes,Luxor,"Throne of God Amun
The astounding number of well-preserved monuments of the city of Luxor makes it one of the world’s most important archeological sites. Its ancient Egyptian name was “Waset”, but it is better known today by what the ancient Greeks called it: Thebes, or the Thousand-gated Thebes. The modern name “Luxor”, is derived from what the Arabs called it in 641 AD, “al-Aqsur” (the palaces), when they stood in awe of the city’s ancient temples believing they were palaces.
 Already during the Old Kingdom (c. 2686 - 2181 BC), “Waset” was the capital of the 4th Upper Egyptian nome (administrative unit equivalent to a governorate). King Mentuhotep II (c.2055–2004 BC) founder of the 11th Dynasty succeeded in reunifying Egypt after a period of turbulence, and he made Thebes the capital of the country, and it remained so until the reign of the first king of the 12th Dynasty, Amenemhat I (c.1985–1955 BC). Waset was the main center for the worship of the god Amun-Ra. The temple of Karnak became the seat of his throne on earth, and even with the transfer of the capital to Ithet-Tawy (near al-Lisht, between the Faiyum and Memphis) during the 12th Dynasty, Waset retained its great religious status as the center of the worship of Amun-Ra, the king of the gods. Thebes was inscribed by the UNESCO as part of a World Heritage Site in 1979.
Capital of the Empire
Towards the end of the Second Intermediate Period (c.1650 - 1550 BC), when the Hyksos were in control of the Delta, Thebes led the armed struggle against them until its kings were able to liberate the country. During the 18th Dynasty (c.1550 - 1295 BC), Egypt formed a vast empire with Thebes as its capital city.
This new political situation led to an influx of wealth into Egypt from foreign countries. Because of its preeminent position as the seat of the ruling king and the cult center of Amun-Re, Thebes received the largest share of this wealth. It became one of the biggest Egyptian cities, stretching for 4 kilometers in length on the eastern bank of the Nile. The city’s neighborhoods surrounded Luxor Temple in the south and the temples of Karnak in the north.
The hills of the west bank became the last resting place of the city’s inhabitants. Hundreds of tombs of the Theban nobility are spread over several sites such as Sheikh ‘Abd al-Qurna, while the royal tombs are located further west, in the Valley of the Kings. The village of the workmen and artists who made these tombs lay near-by, at Deir al-Medina. Although Thebes lost some of its prestige with the onset of the Late Period (664 - 332 BC) as a result of the capital being moved to the Delta, it still maintained its spiritual aura until the end of the Roman period, in the late 4th century AD."
Alexandria,Alexandria,"The Pearl of the Mediterranean
Alexandria  was  the  greatest  city  of  the  ancient  world  at  the  time of the early Ptolemies. It remained the capital of Egypt for nearly a millennium since its foundation by Alexander the Great in 331 BC till the Arab conquest in AD 641. The city was completed under the reign of Ptolemy II (285 - 246 BC). It was designed  by  the  Greek  architect  Dinocrates  of  Rhodes,  who  connected  the  mainland  (narrow  strip  of  land  between  the  Mediterranean and Lake Mareotis) with the island of Pharos by a dyke ""Heptastadion"", thus creating Eastern and Western Ports. The layout of the city was like a chess-board, in which there  were  two  main  roads  intersecting  at  right  angles,  and  the  side  streets  ran  parallel  to  these  perpendicular  axes.  Alexandria   was   the   site   of   the   famous   Lighthouse,   the   legendary  Library,  and  the  Museion  (Research  Institution,  which was the home of scientists, philosophers and scholars from  all  over  the  world).  The  remains  of  the  ancient  city  can  be  mainly  found  in  private  cemeteries,  temples,  Roman theatre, as well as underwater antiquities in the Eastern Harbour."
Amarna,Al-Minya," The First Capital of Monotheism
King Amenhotep IV (c.1352–1336 BC) led what is often described  as  a  “religious  revolution”  that  was  primarily  aimed  at  the  god  Amun,  whose  main  cult  center  was  in  Thebes  (modern  Luxor).  During  his  rule,  the  sun-disk,  “Aten”, came to be the only god that he worshipped. These changes  coincided  with  the  king  changing  his  name  to  ""Akhenaten"", which was followed by the founding of a new capital on virgin soil in Middle Egypt (in modern al-Minya Governorate): “Akhetaten” (The Horizon of Aten). Boundary stelae,  sixteen  of  which  have  been  discovered  so  far,  were  carved  in  the  hills  and  mountains  surrounding  the  city,  delimiting its territory. Akhetaten lies on the east bank of the  Nile,  where  it  is  bordered  by  the  hills  into  which  the  tombs of high officials were carved. Akhetaten has a clear layout: spanning the north-south length of the city is the Royal Road, on either side of which lie the most important royal,   religious,   and   administrative   buildings.   At   the   southern end of the Royal Road was the Royal Palace, and farther  down  the  Great  Aten  Temple.  Akhenaten’s  high  officials lived in luxurious homes surrounded by gardens, and   even   the   homes   of   artists   and   their   studios have been unearthed as well. After Akhenaten’s  death,  the  city  was  abandoned  and destroyed."
The Netherworld,Luxor,"THE NETHERWORLD
Afterlife played an important role in the ancient Egyptian beliefs. The River Nile as well as the agricultural cycle had contributed to their beliefs about rebirth and resurrection. When the deceased cross over to the netherworld known as “Duat” in the ancient Egyptian language, they were reborn again and placed on Ra’s solar boat in order to emerge with him in the day. The dead person was a resurrected Osiris. Preparation for the afterlife began with the mummification process in order to ensure for the deceased his return back to life again while the Judgment began after the funeral and the arrival of the body to the tomb. The heart was weighed against the feather of Maat i.e. the symbol of truth. Those who were righteous will proceed to the fields of “Iaru”, but those of evil hearts will be devoured by the mythical creature “Ammut” who has a body of a hippo and a face of a crocodile and remain in the underworld, tied to a pole and will never emerge into daylight. Osiris was the god of the afterlife and the “Lord of the West”. That was why the dead had to traverse the rivers, lakes, and gates which led to his world. Ra’s solar boat was the means of arriving there. The good were always aided by deities to overcome any difficulties they should encounter on the way. Ancient Egyptians described their afterlife in many texts, some of them were written on the pyramid walls and inside Middle Kingdom coffins and the books of the “Imy Duat” and “Book of the Coming Forth by Day”.
MUMMIFICATION
In popular legend, the first Egyptian to be embalmed and consequently glorified was “Osiris” himself, but the English term ‘mummy’ comes from the Arabic “mumiyah”, meaning “bitumen”. Until the spread of the Osiris cult, complete mummification process was only practised on kings and those closest to him, but from the Middle Kingdom onwards, it was made available to all who could afford it. The dry sandy desert of Egypt had a natural tendency to preserve dead bodies, allowing the body fluids to drain away and preventing the flesh from rotting. The inhabitants of Egypt must have become well aware of this in the Pre-dynastic Period, and they must have regarded the preservation of a corpse as something natural and by extension, desirable and supported by the gods. When burial practices became more elaborate than using the simple ground pit, it must have soon become apparent that in a stone-lined cell (burial chamber) beneath a mastaba, the process of desiccation did not happen and putrefaction was much more likely. Embalming and mummification emerged as the answer to this problem. Linen wrappings were used to cover up the mummy; selected funerary spells and amulets were placed at particular parts of the body or inserted between the layers of the bandaging. The number of layers varied, for instance, the mummy of Tutankhamun had 16 layers. Finally, a mask was prepared to cover the face, and the mummy was ready for interment."
