Place_Name,Rating,Price,Address,Link,Room_Info
The Grand Plaza Hotel Smouha,"Scored 8.1 | 8.1 | Very Good | 2,294 reviews","EGP 1,996",Alexandria,https://www.booking.com/hotel/eg/the-grand-plaza.html?aid=304142&label=gen173nr-10CAQoggJCEXNlYXJjaF9hbGV4YW5kcmlhSDNYBGhDiAEBmAEzuAEXyAEM2AED6AEB-AEBiAIBqAIBuALQ3urOBsACAdICJDc1ZjMxOGY4LWM2NDEtNDU1NS04OTI0LWNlM2RkNzQ0M2I0OdgCAeACAQ&ucfs=1&arphpl=1&checkin=2026-04-11&checkout=2026-04-12&group_adults=2&req_adults=2&no_rooms=1&group_children=0&req_children=0&hpos=1&hapos=1&sr_order=popularity&srpvid=2bf190286beb0318&srepoch=1775939414&all_sr_blocks=258701611_0_2_0_0&highlighted_blocks=258701611_0_2_0_0&matching_block_id=258701611_0_2_0_0&sr_pri_blocks=258701611_0_2_0_0__3760&from=searchresults,AlexandriaShow on map | 4.1 km from downtown | Beach Nearby
Tolip Hotel Alexandria,"Scored 8.2 | 8.2 | Very Good | 12,339 reviews","EGP 3,982",Alexandria,https://www.booking.com/hotel/eg/royal-tulip-alexandria.html?aid=304142&label=gen173nr-10CAQoggJCEXNlYXJjaF9hbGV4YW5kcmlhSDNYBGhDiAEBmAEzuAEXyAEM2AED6AEB-AEBiAIBqAIBuALQ3urOBsACAdICJDc1ZjMxOGY4LWM2NDEtNDU1NS04OTI0LWNlM2RkNzQ0M2I0OdgCAeACAQ&ucfs=1&arphpl=1&checkin=2026-04-11&checkout=2026-04-12&group_adults=2&req_adults=2&no_rooms=1&group_children=0&req_children=0&hpos=2&hapos=2&sr_order=popularity&srpvid=2bf190286beb0318&srepoch=1775939414&all_sr_blocks=78883120_386871369_2_34_0_131741&highlighted_blocks=78883120_386871369_2_34_0_131741&matching_block_id=78883120_386871369_2_34_0_131741&sr_pri_blocks=78883120_386871369_2_34_0_131741_7500&from=searchresults,AlexandriaShow on map | 4.4 km from downtown | Beach Nearby
Miramar beach suits,Scored 3.3 | 3.3 | Review score | 7 reviews,EGP 812,Alexandria,https://www.booking.com/hotel/eg/miramar-beach-suits.html?aid=304142&label=gen173nr-10CAQoggJCEXNlYXJjaF9hbGV4YW5kcmlhSDNYBGhDiAEBmAEzuAEXyAEM2AED6AEB-AEBiAIBqAIBuALQ3urOBsACAdICJDc1ZjMxOGY4LWM2NDEtNDU1NS04OTI0LWNlM2RkNzQ0M2I0OdgCAeACAQ&ucfs=1&arphpl=1&checkin=2026-04-11&checkout=2026-04-12&group_adults=2&req_adults=2&no_rooms=1&group_children=0&req_children=0&hpos=3&hapos=3&sr_order=popularity&srpvid=2bf190286beb0318&srepoch=1775939414&all_sr_blocks=1584890105_429870424_6_0_0&highlighted_blocks=1584890105_429870424_6_0_0&matching_block_id=1584890105_429870424_6_0_0&sr_pri_blocks=1584890105_429870424_6_0_0__1530&from=searchresults,AlexandriaShow on map | 12.5 km from downtown
Crowne Plaza Alexandria Mirage by IHG,"Scored 8.6 | 8.6 | Excellent | 1,594 reviews","EGP 4,513",Alexandria,https://www.booking.com/hotel/eg/mirage-alexandria.html?aid=304142&label=gen173nr-10CAQoggJCEXNlYXJjaF9hbGV4YW5kcmlhSDNYBGhDiAEBmAEzuAEXyAEM2AED6AEB-AEBiAIBqAIBuALQ3urOBsACAdICJDc1ZjMxOGY4LWM2NDEtNDU1NS04OTI0LWNlM2RkNzQ0M2I0OdgCAeACAQ&ucfs=1&arphpl=1&checkin=2026-04-11&checkout=2026-04-12&group_adults=2&req_adults=2&no_rooms=1&group_children=0&req_children=0&hpos=4&hapos=4&sr_order=popularity&srpvid=2bf190286beb0318&srepoch=1775939414&all_sr_blocks=1008858416_418538993_2_34_0&highlighted_blocks=1008858416_418538993_2_34_0&matching_block_id=1008858416_418538993_2_34_0&sr_pri_blocks=1008858416_418538993_2_34_0__8500&from=searchresults,AlexandriaShow on map | 3.1 km from downtown | Beach Nearby
economy low budget city square,No Rating,"EGP 1,168",Alexandria,https://www.booking.com/hotel/eg/city-square-sidi-jaber.html?aid=304142&label=gen173nr-10CAQoggJCEXNlYXJjaF9hbGV4YW5kcmlhSDNYBGhDiAEBmAEzuAEXyAEM2AED6AEB-AEBiAIBqAIBuALQ3urOBsACAdICJDc1ZjMxOGY4LWM2NDEtNDU1NS04OTI0LWNlM2RkNzQ0M2I0OdgCAeACAQ&ucfs=1&arphpl=1&checkin=2026-04-11&checkout=2026-04-12&group_adults=2&req_adults=2&no_rooms=1&group_children=0&req_children=0&hpos=5&hapos=5&sr_order=popularity&srpvid=2bf190286beb0318&srepoch=1775939414&all_sr_blocks=1113078601_429136607_0_0_0&highlighted_blocks=1113078601_429136607_0_0_0&matching_block_id=1113078601_429136607_0_0_0&sr_pri_blocks=1113078601_429136607_0_0_0__2200&from=searchresults,AlexandriaShow on map | 3.9 km from downtown | Beach Nearby
Eleven Pyramids INN,Scored 10 | 10 | Exceptional | 4 reviews,EGP 749,"Giza, Cairo",https://www.booking.com/hotel/eg/eleven-pyramids-inn.html?aid=304142&label=gen173nr-10CAQoggJCC3NlYXJjaF9naXphSDNYBGhDiAEBmAEzuAEXyAEM2AED6AEB-AEBiAIBqAIBuALc3urOBsACAdICJGE4ZDExMzQ1LTdjNWMtNDA2Mi1hNWRhLWU4MmRlNzFjNDlmNtgCAeACAQ&ucfs=1&arphpl=1&checkin=2026-04-11&checkout=2026-04-12&group_adults=2&req_adults=2&no_rooms=1&group_children=0&req_children=0&hpos=1&hapos=1&sr_order=popularity&srpvid=a795902e7e0f042e&srepoch=1775939424&all_sr_blocks=1608951101_431985815_2_1_0_1393425&highlighted_blocks=1608951101_431985815_2_1_0_1393425&matching_block_id=1608951101_431985815_2_1_0_1393425&sr_pri_blocks=1608951101_431985815_2_1_0_1393425_1410&from=searchresults,Featured
Flower Pyramids Inn,Scored 8.8 | 8.8 | Excellent | 319 reviews,"EGP 1,185","Giza, Cairo",https://www.booking.com/hotel/eg/flower-pyramids-inn.html?aid=304142&label=gen173nr-10CAQoggJCC3NlYXJjaF9naXphSDNYBGhDiAEBmAEzuAEXyAEM2AED6AEB-AEBiAIBqAIBuALc3urOBsACAdICJGE4ZDExMzQ1LTdjNWMtNDA2Mi1hNWRhLWU4MmRlNzFjNDlmNtgCAeACAQ&ucfs=1&arphpl=1&checkin=2026-04-11&checkout=2026-04-12&group_adults=2&req_adults=2&no_rooms=1&group_children=0&req_children=0&hpos=2&hapos=2&sr_order=popularity&srpvid=a795902e7e0f042e&srepoch=1775939424&all_sr_blocks=1222407909_420067962_0_41_0_745733&highlighted_blocks=1222407909_420067962_0_41_0_745733&matching_block_id=1222407909_420067962_0_41_0_745733&sr_pri_blocks=1222407909_420067962_0_41_0_745733_2232&from=searchresults,Featured
Montu pyramids Hotel,Scored 8.3 | 8.3 | Very Good | 141 reviews,EGP 650,"Giza, Giza",https://www.booking.com/hotel/eg/isis-pyramids-al-haram.html?aid=304142&label=gen173nr-10CAQoggJCC3NlYXJjaF9naXphSDNYBGhDiAEBmAEzuAEXyAEM2AED6AEB-AEBiAIBqAIBuALc3urOBsACAdICJGE4ZDExMzQ1LTdjNWMtNDA2Mi1hNWRhLWU4MmRlNzFjNDlmNtgCAeACAQ&ucfs=1&arphpl=1&checkin=2026-04-11&checkout=2026-04-12&group_adults=2&req_adults=2&no_rooms=1&group_children=0&req_children=0&hpos=3&hapos=3&sr_order=popularity&srpvid=a795902e7e0f042e&srepoch=1775939424&all_sr_blocks=1427455005_427456836_0_41_0&highlighted_blocks=1427455005_427456836_0_41_0&matching_block_id=1427455005_427456836_0_41_0&sr_pri_blocks=1427455005_427456836_0_41_0__1224&from=searchresults,"Giza, GizaShow on map | 0.9 km from Giza Pyramids"
Middle east pyramids veiw &jacuzzi,Scored 7.5 | 7.5 | Good | 159 reviews,EGP 451,"Giza, Cairo",https://www.booking.com/hotel/eg/asia-pyramids-view-lhrm1.html?aid=304142&label=gen173nr-10CAQoggJCC3NlYXJjaF9naXphSDNYBGhDiAEBmAEzuAEXyAEM2AED6AEB-AEBiAIBqAIBuALc3urOBsACAdICJGE4ZDExMzQ1LTdjNWMtNDA2Mi1hNWRhLWU4MmRlNzFjNDlmNtgCAeACAQ&ucfs=1&arphpl=1&checkin=2026-04-11&checkout=2026-04-12&group_adults=2&req_adults=2&no_rooms=1&group_children=0&req_children=0&hpos=4&hapos=4&sr_order=popularity&srpvid=a795902e7e0f042e&srepoch=1775939424&all_sr_blocks=1488929510_425786960_0_41_0&highlighted_blocks=1488929510_425786960_0_41_0&matching_block_id=1488929510_425786960_0_41_0&sr_pri_blocks=1488929510_425786960_0_41_0__850&from=searchresults,Featured
Comfort sphinx,Scored 9.1 | 9.1 | Wonderful | 38 reviews,EGP 680,"Giza, Cairo",https://www.booking.com/hotel/eg/sphinx-al-haram3.html?aid=304142&label=gen173nr-10CAQoggJCC3NlYXJjaF9naXphSDNYBGhDiAEBmAEzuAEXyAEM2AED6AEB-AEBiAIBqAIBuALc3urOBsACAdICJGE4ZDExMzQ1LTdjNWMtNDA2Mi1hNWRhLWU4MmRlNzFjNDlmNtgCAeACAQ&ucfs=1&arphpl=1&checkin=2026-04-11&checkout=2026-04-12&group_adults=2&req_adults=2&no_rooms=1&group_children=0&req_children=0&hpos=5&hapos=5&sr_order=popularity&srpvid=a795902e7e0f042e&srepoch=1775939424&all_sr_blocks=1578684301_428972211_0_0_0_1354235&highlighted_blocks=1578684301_428972211_0_0_0_1354235&matching_block_id=1578684301_428972211_0_0_0_1354235&sr_pri_blocks=1578684301_428972211_0_0_0_1354235_1280&from=searchresults,Featured
"Cairo-Plaza, Calm Hotel",Scored 10 | 10 | Exceptional | 1 review,"EGP 1,070",Cairo,https://www.booking.com/hotel/eg/de-casa-downtown.html?aid=304142&label=gen173nr-10CAQoggJCDHNlYXJjaF9jYWlyb0gzWARoQ4gBAZgBM7gBF8gBDNgBA-gBAfgBAYgCAagCAbgC5N7qzgbAAgHSAiQ5NmE2NDE1My0zNTIyLTRmZTAtYjQ0OS1iMjZlMDkxZmU5MDnYAgHgAgE&ucfs=1&arphpl=1&checkin=2026-04-11&checkout=2026-04-12&group_adults=2&req_adults=2&no_rooms=1&group_children=0&req_children=0&hpos=1&hapos=1&sr_order=popularity&srpvid=00bd90328d65062b&srepoch=1775939433&all_sr_blocks=1610347904_431945273_0_1_0_1388901&highlighted_blocks=1610347904_431945273_0_1_0_1388901&matching_block_id=1610347904_431945273_0_1_0_1388901&sr_pri_blocks=1610347904_431945273_0_1_0_1388901_2016&from=searchresults,Featured
TUT Apartments Downtown,Scored 8.8 | 8.8 | Excellent | 26 reviews,"EGP 3,412",Cairo,https://www.booking.com/hotel/eg/cairo-crest.html?aid=304142&label=gen173nr-10CAQoggJCDHNlYXJjaF9jYWlyb0gzWARoQ4gBAZgBM7gBF8gBDNgBA-gBAfgBAYgCAagCAbgC5N7qzgbAAgHSAiQ5NmE2NDE1My0zNTIyLTRmZTAtYjQ0OS1iMjZlMDkxZmU5MDnYAgHgAgE&ucfs=1&arphpl=1&checkin=2026-04-11&checkout=2026-04-12&group_adults=2&req_adults=2&no_rooms=1&group_children=0&req_children=0&hpos=2&hapos=2&sr_order=popularity&srpvid=00bd90328d65062b&srepoch=1775939433&all_sr_blocks=1582769801_429386358_2_1_0&highlighted_blocks=1582769801_429386358_2_1_0&matching_block_id=1582769801_429386358_2_1_0&sr_pri_blocks=1582769801_429386358_2_1_0__6426&from=searchresults,CairoShow on map | 0.7 km from downtown | Subway Access
Aura Pyramids,No Rating,"EGP 1,380","Giza, Cairo",https://www.booking.com/hotel/eg/aura-pyramids-al-haram1.html?aid=304142&label=gen173nr-10CAQoggJCDHNlYXJjaF9jYWlyb0gzWARoQ4gBAZgBM7gBF8gBDNgBA-gBAfgBAYgCAagCAbgC5N7qzgbAAgHSAiQ5NmE2NDE1My0zNTIyLTRmZTAtYjQ0OS1iMjZlMDkxZmU5MDnYAgHgAgE&ucfs=1&arphpl=1&checkin=2026-04-11&checkout=2026-04-12&group_adults=2&req_adults=2&no_rooms=1&group_children=0&req_children=0&hpos=3&hapos=3&sr_order=popularity&srpvid=00bd90328d65062b&srepoch=1775939433&all_sr_blocks=1574315603_430793670_0_1_0&highlighted_blocks=1574315603_430793670_0_1_0&matching_block_id=1574315603_430793670_0_1_0&sr_pri_blocks=1574315603_430793670_0_1_0__2600&from=searchresults,"Giza, CairoShow on map | 11.3 km from downtown"
Tahrir View - Heart of Cairo,Scored 8.2 | 8.2 | Very Good | 51 reviews,"EGP 3,159",Cairo,https://www.booking.com/hotel/eg/ahmed-abdeen.html?aid=304142&label=gen173nr-10CAQoggJCDHNlYXJjaF9jYWlyb0gzWARoQ4gBAZgBM7gBF8gBDNgBA-gBAfgBAYgCAagCAbgC5N7qzgbAAgHSAiQ5NmE2NDE1My0zNTIyLTRmZTAtYjQ0OS1iMjZlMDkxZmU5MDnYAgHgAgE&ucfs=1&arphpl=1&checkin=2026-04-11&checkout=2026-04-12&group_adults=2&req_adults=2&no_rooms=1&group_children=0&req_children=0&hpos=4&hapos=4&sr_order=popularity&srpvid=00bd90328d65062b&srepoch=1775939433&all_sr_blocks=1566084301_427725714_0_1_0&highlighted_blocks=1566084301_427725714_0_1_0&matching_block_id=1566084301_427725714_0_1_0&sr_pri_blocks=1566084301_427725714_0_1_0__5950&from=searchresults,CairoShow on map | 100 m from downtown | Subway Access
Lotus Hotel l Tahrir View,Scored 9.8 | 9.8 | Exceptional | 31 reviews,"EGP 3,504","Downtown Cairo, Cairo",https://www.booking.com/hotel/eg/la-in-downtown.html?aid=304142&label=gen173nr-10CAQoggJCDHNlYXJjaF9jYWlyb0gzWARoQ4gBAZgBM7gBF8gBDNgBA-gBAfgBAYgCAagCAbgC5N7qzgbAAgHSAiQ5NmE2NDE1My0zNTIyLTRmZTAtYjQ0OS1iMjZlMDkxZmU5MDnYAgHgAgE&ucfs=1&arphpl=1&checkin=2026-04-11&checkout=2026-04-12&group_adults=2&req_adults=2&no_rooms=1&group_children=0&req_children=0&hpos=5&hapos=5&sr_order=popularity&srpvid=00bd90328d65062b&srepoch=1775939433&all_sr_blocks=1599895503_431490331_0_1_0&highlighted_blocks=1599895503_431490331_0_1_0&matching_block_id=1599895503_431490331_0_1_0&sr_pri_blocks=1599895503_431490331_0_1_0__6600&from=searchresults,Featured
Citadel Luxor,Scored 9.7 | 9.7 | Exceptional | 59 reviews,"EGP 2,071","West Bank, Luxor",https://www.booking.com/hotel/eg/citadel-luxor-luxor.html?aid=304142&label=gen173nr-10CAQoggJCDHNlYXJjaF9sdXhvckgzWARoQ4gBAZgBM7gBF8gBDNgBA-gBAfgBAYgCAagCAbgC7t7qzgbAAgHSAiQwNjI2MzYxYy0yNzZhLTRiYzktYTJlMy01NzAxZTg5YzQ0MTfYAgHgAgE&ucfs=1&arphpl=1&checkin=2026-04-11&checkout=2026-04-12&group_adults=2&req_adults=2&no_rooms=1&group_children=0&req_children=0&hpos=1&hapos=1&sr_order=popularity&srpvid=c6509037824d11e0&srepoch=1775939443&all_sr_blocks=1573008703_430092428_2_41_0_1346784&highlighted_blocks=1573008703_430092428_2_41_0_1346784&matching_block_id=1573008703_430092428_2_41_0_1346784&sr_pri_blocks=1573008703_430092428_2_41_0_1346784_3900&from=searchresults,"West Bank, LuxorShow on map | 5.4 km from downtown"
Sun Palace House,Scored 8.6 | 8.6 | Excellent | 63 reviews,"EGP 2,347","East Bank, Luxor",https://www.booking.com/hotel/eg/sun-palace-house-luxor.html?aid=304142&label=gen173nr-10CAQoggJCDHNlYXJjaF9sdXhvckgzWARoQ4gBAZgBM7gBF8gBDNgBA-gBAfgBAYgCAagCAbgC7t7qzgbAAgHSAiQwNjI2MzYxYy0yNzZhLTRiYzktYTJlMy01NzAxZTg5YzQ0MTfYAgHgAgE&ucfs=1&arphpl=1&checkin=2026-04-11&checkout=2026-04-12&group_adults=2&req_adults=2&no_rooms=1&group_children=0&req_children=0&hpos=2&hapos=2&sr_order=popularity&srpvid=c6509037824d11e0&srepoch=1775939443&all_sr_blocks=1573024305_428347974_2_0_0_1354281&highlighted_blocks=1573024305_428347974_2_0_0_1354281&matching_block_id=1573024305_428347974_2_0_0_1354281&sr_pri_blocks=1573024305_428347974_2_0_0_1354281_4420&from=searchresults,"East Bank, LuxorShow on map | 1.3 km from downtown"
Bab Al Shams House,Scored 9.8 | 9.8 | Exceptional | 61 reviews,EGP 361,"West Bank, Luxor",https://www.booking.com/hotel/eg/bab-al-shams.html?aid=304142&label=gen173nr-10CAQoggJCDHNlYXJjaF9sdXhvckgzWARoQ4gBAZgBM7gBF8gBDNgBA-gBAfgBAYgCAagCAbgC7t7qzgbAAgHSAiQwNjI2MzYxYy0yNzZhLTRiYzktYTJlMy01NzAxZTg5YzQ0MTfYAgHgAgE&ucfs=1&arphpl=1&checkin=2026-04-11&checkout=2026-04-12&group_adults=2&req_adults=2&no_rooms=1&group_children=0&req_children=0&hpos=3&hapos=3&sr_order=popularity&srpvid=c6509037824d11e0&srepoch=1775939443&all_sr_blocks=1573000903_428346504_0_41_0_1346586&highlighted_blocks=1573000903_428346504_0_41_0_1346586&matching_block_id=1573000903_428346504_0_41_0_1346586&sr_pri_blocks=1573000903_428346504_0_41_0_1346586_680&from=searchresults,"West Bank, LuxorShow on map | 5.5 km from downtown"
White Gorf Hotel,Scored 9.1 | 9.1 | Wonderful | 64 reviews,"EGP 1,986","West Bank, Luxor",https://www.booking.com/hotel/eg/white-gorf-luxor.html?aid=304142&label=gen173nr-10CAQoggJCDHNlYXJjaF9sdXhvckgzWARoQ4gBAZgBM7gBF8gBDNgBA-gBAfgBAYgCAagCAbgC7t7qzgbAAgHSAiQwNjI2MzYxYy0yNzZhLTRiYzktYTJlMy01NzAxZTg5YzQ0MTfYAgHgAgE&ucfs=1&arphpl=1&checkin=2026-04-11&checkout=2026-04-12&group_adults=2&req_adults=2&no_rooms=1&group_children=0&req_children=0&hpos=4&hapos=4&sr_order=popularity&srpvid=c6509037824d11e0&srepoch=1775939443&all_sr_blocks=1573040805_428349790_2_41_0_1347110&highlighted_blocks=1573040805_428349790_2_41_0_1347110&matching_block_id=1573040805_428349790_2_41_0_1347110&sr_pri_blocks=1573040805_428349790_2_41_0_1347110_3740&from=searchresults,"West Bank, LuxorShow on map | 3.3 km from downtown"
Steigenberger Nile Palace Luxor - Convention Center,"Scored 9.0 | 9.0 | Wonderful | 2,895 reviews","EGP 10,662","East Bank, Luxor (Nile River Luxor)",https://www.booking.com/hotel/eg/steigenberger-nile-palace-luxor.html?aid=304142&label=gen173nr-10CAQoggJCDHNlYXJjaF9sdXhvckgzWARoQ4gBAZgBM7gBF8gBDNgBA-gBAfgBAYgCAagCAbgC7t7qzgbAAgHSAiQwNjI2MzYxYy0yNzZhLTRiYzktYTJlMy01NzAxZTg5YzQ0MTfYAgHgAgE&ucfs=1&arphpl=1&checkin=2026-04-11&checkout=2026-04-12&group_adults=2&req_adults=2&no_rooms=1&group_children=0&req_children=0&hpos=5&hapos=5&sr_order=popularity&srpvid=c6509037824d11e0&srepoch=1775939443&all_sr_blocks=0_0_2_0_0&highlighted_blocks=0_0_2_0_0&matching_block_id=0_0_2_0_0&sr_pri_blocks=0_0_2_0_0__20083&from=searchresults,"East Bank, Luxor (Nile River Luxor)Show on map | 2.3 km from downtown"
Avenue Alhambra princess resort,Scored 8.4 | 8.4 | Very Good | 13 reviews,"EGP 1,561","Al Mamsha El Seyahi, Hurghada",https://www.booking.com/hotel/eg/alhambra-princess-resort.html?aid=304142&label=gen173nr-10CAQoggJCDnNlYXJjaF9yZWQgc2VhSDNYBGhDiAEBmAEzuAEXyAEM2AED6AEB-AEBiAIBqAIBuAL33urOBsACAdICJDcxZGQ3Yjk5LTE1OWMtNGQwMy1hNzVkLTU1ZGY2YWU5NDc3ZdgCAeACAQ&ucfs=1&arphpl=1&checkin=2026-04-11&checkout=2026-04-12&group_adults=2&req_adults=2&no_rooms=1&group_children=0&req_children=0&hpos=1&hapos=1&sr_order=popularity&srpvid=86ed903b3f3c0a10&srepoch=1775939453&all_sr_blocks=1478077204_425553068_3_0_0&highlighted_blocks=1478077204_425553068_3_0_0&matching_block_id=1478077204_425553068_3_0_0&sr_pri_blocks=1478077204_425553068_3_0_0__2940&from=searchresults,"Al Mamsha El Seyahi, HurghadaShow on map"
Palm Inn Hotel Hurghada,"Scored 7.6 | 7.6 | Good | 1,642 reviews","EGP 1,625",Hurghada,https://www.booking.com/hotel/eg/palm-inn-city.html?aid=304142&label=gen173nr-10CAQoggJCDnNlYXJjaF9yZWQgc2VhSDNYBGhDiAEBmAEzuAEXyAEM2AED6AEB-AEBiAIBqAIBuAL33urOBsACAdICJDcxZGQ3Yjk5LTE1OWMtNGQwMy1hNzVkLTU1ZGY2YWU5NDc3ZdgCAeACAQ&ucfs=1&arphpl=1&checkin=2026-04-11&checkout=2026-04-12&group_adults=2&req_adults=2&no_rooms=1&group_children=0&req_children=0&hpos=2&hapos=2&sr_order=popularity&srpvid=86ed903b3f3c0a10&srepoch=1775939453&all_sr_blocks=1172502601_405679751_0_1_0_779114&highlighted_blocks=1172502601_405679751_0_1_0_779114&matching_block_id=1172502601_405679751_0_1_0_779114&sr_pri_blocks=1172502601_405679751_0_1_0_779114_3060&from=searchresults,HurghadaShow on map
Continental Rosa Boho Aquapark Hotel 3 Stars,Scored 7.6 | 7.6 | Good | 44 reviews,"EGP 1,145","Al Mamsha El Seyahi, Hurghada",https://www.booking.com/hotel/eg/room-at-boho-3stars.html?aid=304142&label=gen173nr-10CAQoggJCDnNlYXJjaF9yZWQgc2VhSDNYBGhDiAEBmAEzuAEXyAEM2AED6AEB-AEBiAIBqAIBuAL33urOBsACAdICJDcxZGQ3Yjk5LTE1OWMtNGQwMy1hNzVkLTU1ZGY2YWU5NDc3ZdgCAeACAQ&ucfs=1&arphpl=1&checkin=2026-04-11&checkout=2026-04-12&group_adults=2&req_adults=2&no_rooms=1&group_children=0&req_children=0&hpos=3&hapos=3&sr_order=popularity&srpvid=86ed903b3f3c0a10&srepoch=1775939453&all_sr_blocks=1555085801_427091656_2_1_0&highlighted_blocks=1555085801_427091656_2_1_0&matching_block_id=1555085801_427091656_2_1_0&sr_pri_blocks=1555085801_427091656_2_1_0__2156&from=searchresults,Featured
فندق ميراج باي اكوا بارك,Scored 8.3 | 8.3 | Very Good | 4 reviews,"EGP 2,787","Villages Road, Hurghada (Villages Road)",https://www.booking.com/hotel/eg/fndq-myrj-by-qsm-wl-lgrdq2.html?aid=304142&label=gen173nr-10CAQoggJCDnNlYXJjaF9yZWQgc2VhSDNYBGhDiAEBmAEzuAEXyAEM2AED6AEB-AEBiAIBqAIBuAL33urOBsACAdICJDcxZGQ3Yjk5LTE1OWMtNGQwMy1hNzVkLTU1ZGY2YWU5NDc3ZdgCAeACAQ&ucfs=1&arphpl=1&checkin=2026-04-11&checkout=2026-04-12&group_adults=2&req_adults=2&no_rooms=1&group_children=0&req_children=0&hpos=4&hapos=4&sr_order=popularity&srpvid=86ed903b3f3c0a10&srepoch=1775939453&all_sr_blocks=1522229501_423874898_2_0_0&highlighted_blocks=1522229501_423874898_2_0_0&matching_block_id=1522229501_423874898_2_0_0&sr_pri_blocks=1522229501_423874898_2_0_0__5250&from=searchresults,"Villages Road, Hurghada (Villages Road)Show on map"
Andalusia Blue Beach Hurghada,"Scored 7.2 | 7.2 | Good | 2,300 reviews","EGP 1,807","Al Mamsha El Seyahi, Hurghada",https://www.booking.com/hotel/eg/andalusia-blue-beach-hurghada.html?aid=304142&label=gen173nr-10CAQoggJCDnNlYXJjaF9yZWQgc2VhSDNYBGhDiAEBmAEzuAEXyAEM2AED6AEB-AEBiAIBqAIBuAL33urOBsACAdICJDcxZGQ3Yjk5LTE1OWMtNGQwMy1hNzVkLTU1ZGY2YWU5NDc3ZdgCAeACAQ&ucfs=1&arphpl=1&checkin=2026-04-11&checkout=2026-04-12&group_adults=2&req_adults=2&no_rooms=1&group_children=0&req_children=0&hpos=5&hapos=5&sr_order=popularity&srpvid=86ed903b3f3c0a10&srepoch=1775939453&all_sr_blocks=301806001_377315181_2_40_0&highlighted_blocks=301806001_377315181_2_40_0&matching_block_id=301806001_377315181_2_40_0&sr_pri_blocks=301806001_377315181_2_40_0__3404&from=searchresults,"Al Mamsha El Seyahi, HurghadaShow on map"
Jazirat Alqarn Hostel,Scored 6.9 | 6.9 | Review score | 40 reviews,"EGP 1,290",Fayoum,https://www.booking.com/hotel/eg/jazirat-alqarn-hostel.html?aid=304142&label=gen173nr-10CAQoggJCDXNlYXJjaF9mYWl5dW1IM1gEaEOIAQGYATO4ARfIAQzYAQPoAQH4AQGIAgGoAgG4AoHf6s4GwAIB0gIkNDgxMzA4MjUtNDAxYS00OGJlLThhNGYtOGE4MmU4MTI1MTE02AIB4AIB&ucfs=1&arphpl=1&checkin=2026-04-11&checkout=2026-04-12&group_adults=2&req_adults=2&no_rooms=1&group_children=0&req_children=0&hpos=1&hapos=1&sr_order=popularity&srpvid=4300904077b4015e&srepoch=1775939464&all_sr_blocks=1333565901_405858728_2_1_0&highlighted_blocks=1333565901_405858728_2_1_0&matching_block_id=1333565901_405858728_2_1_0&sr_pri_blocks=1333565901_405858728_2_1_0__2430&from=searchresults,FayoumShow on map | 32.2 km from downtown
Tunis Tone Ecolodge & Campsite,Scored 8.1 | 8.1 | Very Good | 91 reviews,"EGP 1,858",Fayoum,https://www.booking.com/hotel/eg/tunis-tone-ecolodge-amp-campsite.html?aid=304142&label=gen173nr-10CAQoggJCDXNlYXJjaF9mYWl5dW1IM1gEaEOIAQGYATO4ARfIAQzYAQPoAQH4AQGIAgGoAgG4AoHf6s4GwAIB0gIkNDgxMzA4MjUtNDAxYS00OGJlLThhNGYtOGE4MmU4MTI1MTE02AIB4AIB&ucfs=1&arphpl=1&checkin=2026-04-11&checkout=2026-04-12&group_adults=2&req_adults=2&no_rooms=1&group_children=0&req_children=0&hpos=2&hapos=2&sr_order=popularity&srpvid=4300904077b4015e&srepoch=1775939464&all_sr_blocks=1286140902_411501955_2_1_0&highlighted_blocks=1286140902_411501955_2_1_0&matching_block_id=1286140902_411501955_2_1_0&sr_pri_blocks=1286140902_411501955_2_1_0__3500&from=searchresults,FayoumShow on map | 35.1 km from downtown
Helnan Auberge Fayoum,Scored 7.7 | 7.7 | Good | 475 reviews,"EGP 5,256",Fayoum,https://www.booking.com/hotel/eg/helnan-auberge-fayoum.html?aid=304142&label=gen173nr-10CAQoggJCDXNlYXJjaF9mYWl5dW1IM1gEaEOIAQGYATO4ARfIAQzYAQPoAQH4AQGIAgGoAgG4AoHf6s4GwAIB0gIkNDgxMzA4MjUtNDAxYS00OGJlLThhNGYtOGE4MmU4MTI1MTE02AIB4AIB&ucfs=1&arphpl=1&checkin=2026-04-11&checkout=2026-04-12&group_adults=2&req_adults=2&no_rooms=1&group_children=0&req_children=0&hpos=3&hapos=3&sr_order=popularity&srpvid=4300904077b4015e&srepoch=1775939464&all_sr_blocks=1612516_227540665_0_41_0&highlighted_blocks=1612516_227540665_0_41_0&matching_block_id=1612516_227540665_0_41_0&sr_pri_blocks=1612516_227540665_0_41_0__9900&from=searchresults,FayoumShow on map | 19.1 km from downtown
New Panorama Resort,Scored 6.8 | 6.8 | Review score | 82 reviews,"EGP 2,283",Fayoum,https://www.booking.com/hotel/eg/new-panorama-resort.html?aid=304142&label=gen173nr-10CAQoggJCDXNlYXJjaF9mYWl5dW1IM1gEaEOIAQGYATO4ARfIAQzYAQPoAQH4AQGIAgGoAgG4AoHf6s4GwAIB0gIkNDgxMzA4MjUtNDAxYS00OGJlLThhNGYtOGE4MmU4MTI1MTE02AIB4AIB&ucfs=1&arphpl=1&checkin=2026-04-11&checkout=2026-04-12&group_adults=2&req_adults=2&no_rooms=1&group_children=0&req_children=0&hpos=4&hapos=4&sr_order=popularity&srpvid=4300904077b4015e&srepoch=1775939464&all_sr_blocks=412162101_203777865_2_1_0&highlighted_blocks=412162101_203777865_2_1_0&matching_block_id=412162101_203777865_2_1_0&sr_pri_blocks=412162101_203777865_2_1_0__4300&from=searchresults,FayoumShow on map | 19.1 km from downtown
Nature house,Scored 10 | 10 | Exceptional | 1 review,"EGP 3,345",Fayoum,https://www.booking.com/hotel/eg/nature-house-fayoum.html?aid=304142&label=gen173nr-10CAQoggJCDXNlYXJjaF9mYWl5dW1IM1gEaEOIAQGYATO4ARfIAQzYAQPoAQH4AQGIAgGoAgG4AoHf6s4GwAIB0gIkNDgxMzA4MjUtNDAxYS00OGJlLThhNGYtOGE4MmU4MTI1MTE02AIB4AIB&ucfs=1&arphpl=1&checkin=2026-04-11&checkout=2026-04-12&group_adults=2&req_adults=2&no_rooms=1&group_children=0&req_children=0&hpos=5&hapos=5&sr_order=popularity&srpvid=4300904077b4015e&srepoch=1775939464&all_sr_blocks=1532387301_424758549_2_0_0&highlighted_blocks=1532387301_424758549_2_0_0&matching_block_id=1532387301_424758549_2_0_0&sr_pri_blocks=1532387301_424758549_2_0_0__6300&from=searchresults,FayoumShow on map | 34.9 km from downtown
Arkan Hotel Qena,Scored 8.0 | 8.0 | Very Good | 56 reviews,"EGP 1,147",Qena,https://www.booking.com/hotel/eg/arkan-qena.html?aid=304142&label=gen173nr-10CAQoggJCC3NlYXJjaF9xZW5hSDNYBGhDiAEBmAEzuAEXyAEM2AED6AEB-AEBiAIBqAIBuAKM3-rOBsACAdICJGI0NDhhOTcwLWFhZDgtNDY5Yi1iNmVhLTc0ZWIwZjcyMDNjZtgCAeACAQ&ucfs=1&arphpl=1&checkin=2026-04-11&checkout=2026-04-12&group_adults=2&req_adults=2&no_rooms=1&group_children=0&req_children=0&hpos=1&hapos=1&sr_order=popularity&srpvid=ae3d9046a9cf142c&srepoch=1775939473&all_sr_blocks=1487967208_429699566_0_0_0&highlighted_blocks=1487967208_429699566_0_0_0&matching_block_id=1487967208_429699566_0_0_0&sr_pri_blocks=1487967208_429699566_0_0_0__2160&from=searchresults,QenaShow on map
Elyasmene,Scored 8.6 | 8.6 | Excellent | 23 reviews,"EGP 2,389",Qena,https://www.booking.com/hotel/eg/elyasmene.html?aid=304142&label=gen173nr-10CAQoggJCC3NlYXJjaF9xZW5hSDNYBGhDiAEBmAEzuAEXyAEM2AED6AEB-AEBiAIBqAIBuAKM3-rOBsACAdICJGI0NDhhOTcwLWFhZDgtNDY5Yi1iNmVhLTc0ZWIwZjcyMDNjZtgCAeACAQ&ucfs=1&arphpl=1&checkin=2026-04-11&checkout=2026-04-12&group_adults=2&req_adults=2&no_rooms=1&group_children=0&req_children=0&hpos=2&hapos=2&sr_order=popularity&srpvid=ae3d9046a9cf142c&srepoch=1775939473&all_sr_blocks=1490024302_420665439_2_1_0&highlighted_blocks=1490024302_420665439_2_1_0&matching_block_id=1490024302_420665439_2_1_0&sr_pri_blocks=1490024302_420665439_2_1_0__4500&from=searchresults,QenaShow on map
Dream Hotel,Scored 8.2 | 8.2 | Very Good | 157 reviews,"EGP 1,115",Qena,https://www.booking.com/hotel/eg/dream-qn1.html?aid=304142&label=gen173nr-10CAQoggJCC3NlYXJjaF9xZW5hSDNYBGhDiAEBmAEzuAEXyAEM2AED6AEB-AEBiAIBqAIBuAKM3-rOBsACAdICJGI0NDhhOTcwLWFhZDgtNDY5Yi1iNmVhLTc0ZWIwZjcyMDNjZtgCAeACAQ&ucfs=1&arphpl=1&checkin=2026-04-11&checkout=2026-04-12&group_adults=2&req_adults=2&no_rooms=1&group_children=0&req_children=0&hpos=3&hapos=3&sr_order=popularity&srpvid=ae3d9046a9cf142c&srepoch=1775939473&all_sr_blocks=762945203_380774138_2_1_0&highlighted_blocks=762945203_380774138_2_1_0&matching_block_id=762945203_380774138_2_1_0&sr_pri_blocks=762945203_380774138_2_1_0__2100&from=searchresults,QenaShow on map
Grand Hotel Qena,Scored 7.5 | 7.5 | Good | 156 reviews,"EGP 1,338",Qena,https://www.booking.com/hotel/eg/grand-qena.html?aid=304142&label=gen173nr-10CAQoggJCC3NlYXJjaF9xZW5hSDNYBGhDiAEBmAEzuAEXyAEM2AED6AEB-AEBiAIBqAIBuAKM3-rOBsACAdICJGI0NDhhOTcwLWFhZDgtNDY5Yi1iNmVhLTc0ZWIwZjcyMDNjZtgCAeACAQ&ucfs=1&arphpl=1&checkin=2026-04-11&checkout=2026-04-12&group_adults=2&req_adults=2&no_rooms=1&group_children=0&req_children=0&hpos=4&hapos=4&sr_order=popularity&srpvid=ae3d9046a9cf142c&srepoch=1775939473&all_sr_blocks=751324402_428896599_2_1_0&highlighted_blocks=751324402_428896599_2_1_0&matching_block_id=751324402_428896599_2_1_0&sr_pri_blocks=751324402_428896599_2_1_0__2520&from=searchresults,QenaShow on map
Makkah Hotel,Scored 7.4 | 7.4 | Good | 9 reviews,EGP 956,Qena,https://www.booking.com/hotel/eg/makkah.html?aid=304142&label=gen173nr-10CAQoggJCC3NlYXJjaF9xZW5hSDNYBGhDiAEBmAEzuAEXyAEM2AED6AEB-AEBiAIBqAIBuAKM3-rOBsACAdICJGI0NDhhOTcwLWFhZDgtNDY5Yi1iNmVhLTc0ZWIwZjcyMDNjZtgCAeACAQ&ucfs=1&arphpl=1&checkin=2026-04-11&checkout=2026-04-12&group_adults=2&req_adults=2&no_rooms=1&group_children=0&req_children=0&hpos=5&hapos=5&sr_order=popularity&srpvid=ae3d9046a9cf142c&srepoch=1775939473&all_sr_blocks=804729703_341867717_3_0_0&highlighted_blocks=804729703_341867717_3_0_0&matching_block_id=804729703_341867717_3_0_0&sr_pri_blocks=804729703_341867717_3_0_0__1800&from=searchresults,QenaShow on map
نادي البحارة الدولي - International Seamans Club,Scored 8.0 | 8.0 | Very Good | 3 reviews,"EGP 4,906",Suez,https://www.booking.com/hotel/eg/ndy-lbhr-ldwly.html?aid=304142&label=gen173nr-10CAQoggJCC3NlYXJjaF9zdWV6SDNYBGhDiAEBmAEzuAEXyAEM2AED6AEB-AEBiAIBqAIBuAKV3-rOBsACAdICJDE0MmVjNTM5LWIzNWYtNDJkZi1iNGYzLTI4YjcxZTI4NjEyZtgCAeACAQ&ucfs=1&arphpl=1&checkin=2026-04-11&checkout=2026-04-12&group_adults=2&req_adults=2&no_rooms=1&group_children=0&req_children=0&hpos=1&hapos=1&sr_order=popularity&srpvid=8df8904a27220161&srepoch=1775939481&all_sr_blocks=1584100301_429789121_1_1_0%2C1584100301_429789121_1_1_0&highlighted_blocks=1584100301_429789121_1_1_0%2C1584100301_429789121_1_1_0&matching_block_id=1584100301_429789121_1_1_0&sr_pri_blocks=1584100301_429789121_1_1_0__4620%2C1584100301_429789121_1_1_0__4620&from=searchresults,SuezShow on map | 3.6 km from downtown
بورتو السخنة الأهرامات,Scored 1.0 | 1.0 | Review score | 1 review,"EGP 2,124",Suez,https://www.booking.com/hotel/eg/bwrtw-lskhn-l-hrmt-lswys1.html?aid=304142&label=gen173nr-10CAQoggJCC3NlYXJjaF9zdWV6SDNYBGhDiAEBmAEzuAEXyAEM2AED6AEB-AEBiAIBqAIBuAKV3-rOBsACAdICJDE0MmVjNTM5LWIzNWYtNDJkZi1iNGYzLTI4YjcxZTI4NjEyZtgCAeACAQ&ucfs=1&arphpl=1&checkin=2026-04-11&checkout=2026-04-12&group_adults=2&req_adults=2&no_rooms=1&group_children=0&req_children=0&hpos=2&hapos=2&sr_order=popularity&srpvid=8df8904a27220161&srepoch=1775939481&all_sr_blocks=1573975001_428443112_2_1_0&highlighted_blocks=1573975001_428443112_2_1_0&matching_block_id=1573975001_428443112_2_1_0&sr_pri_blocks=1573975001_428443112_2_1_0__4000&from=searchresults,SuezShow on map | 20 m from downtown
LUSINDA HOTEL MANAGEMENT BY ZAD,Scored 4.9 | 4.9 | Review score | 71 reviews,"EGP 4,513",Suez,https://www.booking.com/hotel/eg/lusinda-management-by-zad.html?aid=304142&label=gen173nr-10CAQoggJCC3NlYXJjaF9zdWV6SDNYBGhDiAEBmAEzuAEXyAEM2AED6AEB-AEBiAIBqAIBuAKV3-rOBsACAdICJDE0MmVjNTM5LWIzNWYtNDJkZi1iNGYzLTI4YjcxZTI4NjEyZtgCAeACAQ&ucfs=1&arphpl=1&checkin=2026-04-11&checkout=2026-04-12&group_adults=2&req_adults=2&no_rooms=1&group_children=0&req_children=0&hpos=3&hapos=3&sr_order=popularity&srpvid=8df8904a27220161&srepoch=1775939481&all_sr_blocks=1134964901_386161356_2_1_0&highlighted_blocks=1134964901_386161356_2_1_0&matching_block_id=1134964901_386161356_2_1_0&sr_pri_blocks=1134964901_386161356_2_1_0__8500&from=searchresults,SuezShow on map | 1.4 km from downtown
Le-Printemps Hotel,No Rating,"EGP 6,052",Suez,https://www.booking.com/hotel/eg/le-printemps.html?aid=304142&label=gen173nr-10CAQoggJCC3NlYXJjaF9zdWV6SDNYBGhDiAEBmAEzuAEXyAEM2AED6AEB-AEBiAIBqAIBuAKV3-rOBsACAdICJDE0MmVjNTM5LWIzNWYtNDJkZi1iNGYzLTI4YjcxZTI4NjEyZtgCAeACAQ&ucfs=1&arphpl=1&checkin=2026-04-11&checkout=2026-04-12&group_adults=2&req_adults=2&no_rooms=1&group_children=0&req_children=0&hpos=4&hapos=4&sr_order=popularity&srpvid=8df8904a27220161&srepoch=1775939481&all_sr_blocks=1575297901_428623042_2_1_0&highlighted_blocks=1575297901_428623042_2_1_0&matching_block_id=1575297901_428623042_2_1_0&sr_pri_blocks=1575297901_428623042_2_1_0__11400&from=searchresults,SuezShow on map | 11.5 km from downtown
Green House Hotel,Scored 8.2 | 8.2 | Very Good | 17 reviews,"EGP 6,689",As Suways,https://www.booking.com/hotel/eg/green-house-lswys.html?aid=304142&label=gen173nr-10CAQoggJCC3NlYXJjaF9zdWV6SDNYBGhDiAEBmAEzuAEXyAEM2AED6AEB-AEBiAIBqAIBuAKV3-rOBsACAdICJDE0MmVjNTM5LWIzNWYtNDJkZi1iNGYzLTI4YjcxZTI4NjEyZtgCAeACAQ&ucfs=1&arphpl=1&checkin=2026-04-11&checkout=2026-04-12&group_adults=2&req_adults=2&no_rooms=1&group_children=0&req_children=0&hpos=5&hapos=5&sr_order=popularity&srpvid=8df8904a27220161&srepoch=1775939481&all_sr_blocks=1002900203_373075461_0_41_0&highlighted_blocks=1002900203_373075461_0_41_0&matching_block_id=1002900203_373075461_0_41_0&sr_pri_blocks=1002900203_373075461_0_41_0__12600&from=searchresults,As SuwaysShow on map | 30 m from Suez
Mercure Ismailia Forsan Island,Scored 7.9 | 7.9 | Good | 406 reviews,"EGP 4,675",Ismailia,https://www.booking.com/hotel/eg/forsan-island-ismailia.html?aid=304142&label=gen173nr-10CAQoggJCD3NlYXJjaF9pc21haWxpYUgzWARoQ4gBAZgBM7gBF8gBDNgBA-gBAfgBAYgCAagCAbgCnd_qzgbAAgHSAiQ2MGVkYThkNC0zYWJmLTRmYzUtODZiZC1kZmYxZTJhYjg2YmLYAgHgAgE&ucfs=1&arphpl=1&checkin=2026-04-11&checkout=2026-04-12&group_adults=2&req_adults=2&no_rooms=1&group_children=0&req_children=0&hpos=1&hapos=1&sr_order=popularity&srpvid=e9d6904e157f00e2&srepoch=1775939489&all_sr_blocks=1609903_411253161_2_42_0&highlighted_blocks=1609903_411253161_2_42_0&matching_block_id=1609903_411253161_2_42_0&sr_pri_blocks=1609903_411253161_2_42_0__8805&from_sustainable_property_sr=1&from=searchresults,IsmailiaShow on map | 2.1 km from downtown
Solitaire Plaza Hotel-Ismailia سولتير بلازا الاسماعلية,Scored 3.9 | 3.9 | Review score | 24 reviews,"EGP 1,462",Ismailia,https://www.booking.com/hotel/eg/solitaire-plaza.html?aid=304142&label=gen173nr-10CAQoggJCD3NlYXJjaF9pc21haWxpYUgzWARoQ4gBAZgBM7gBF8gBDNgBA-gBAfgBAYgCAagCAbgCnd_qzgbAAgHSAiQ2MGVkYThkNC0zYWJmLTRmYzUtODZiZC1kZmYxZTJhYjg2YmLYAgHgAgE&ucfs=1&arphpl=1&checkin=2026-04-11&checkout=2026-04-12&group_adults=2&req_adults=2&no_rooms=1&group_children=0&req_children=0&hpos=2&hapos=2&sr_order=popularity&srpvid=e9d6904e157f00e2&srepoch=1775939489&all_sr_blocks=919025102_431453968_0_2_0&highlighted_blocks=919025102_431453968_0_2_0&matching_block_id=919025102_431453968_0_2_0&sr_pri_blocks=919025102_431453968_0_2_0__2754&from=searchresults,Featured
مدينة النورس Noras city,Scored 8.0 | 8.0 | Very Good | 1 review,"EGP 1,147",Ismailia,https://www.booking.com/hotel/eg/mdyn-lnwrs-noras-city.html?aid=304142&label=gen173nr-10CAQoggJCD3NlYXJjaF9pc21haWxpYUgzWARoQ4gBAZgBM7gBF8gBDNgBA-gBAfgBAYgCAagCAbgCnd_qzgbAAgHSAiQ2MGVkYThkNC0zYWJmLTRmYzUtODZiZC1kZmYxZTJhYjg2YmLYAgHgAgE&ucfs=1&arphpl=1&checkin=2026-04-11&checkout=2026-04-12&group_adults=2&req_adults=2&no_rooms=1&group_children=0&req_children=0&hpos=3&hapos=3&sr_order=popularity&srpvid=e9d6904e157f00e2&srepoch=1775939489&all_sr_blocks=858823801_353567140_2_0_0&highlighted_blocks=858823801_353567140_2_0_0&matching_block_id=858823801_353567140_2_0_0&sr_pri_blocks=858823801_353567140_2_0_0__2160&from=searchresults,IsmailiaShow on map | 1.8 km from downtown
Maison Maxim De Lesseps,Scored 9.1 | 9.1 | Wonderful | 53 reviews,"EGP 6,902",Ismailia,https://www.booking.com/hotel/eg/maison-maxim-de-lesspes.html?aid=304142&label=gen173nr-10CAQoggJCD3NlYXJjaF9pc21haWxpYUgzWARoQ4gBAZgBM7gBF8gBDNgBA-gBAfgBAYgCAagCAbgCnd_qzgbAAgHSAiQ2MGVkYThkNC0zYWJmLTRmYzUtODZiZC1kZmYxZTJhYjg2YmLYAgHgAgE&ucfs=1&arphpl=1&checkin=2026-04-11&checkout=2026-04-12&group_adults=2&req_adults=2&no_rooms=1&group_children=0&req_children=0&hpos=4&hapos=4&sr_order=popularity&srpvid=e9d6904e157f00e2&srepoch=1775939489&all_sr_blocks=1293237403_404169492_2_1_0&highlighted_blocks=1293237403_404169492_2_1_0&matching_block_id=1293237403_404169492_2_1_0&sr_pri_blocks=1293237403_404169492_2_1_0__13000&from=searchresults,IsmailiaShow on map | 0.8 km from downtown
شقق الهنا 2212 للايجار مصيف قرية النورس الاسماعيلية طريق البلاجات,No Rating,"EGP 1,261",Ismailia,https://www.booking.com/hotel/eg/shqq-lhn-2212-llyjr-msyf-qry-lnwrs-lsm-yly-tryq-lbljt.html?aid=304142&label=gen173nr-10CAQoggJCD3NlYXJjaF9pc21haWxpYUgzWARoQ4gBAZgBM7gBF8gBDNgBA-gBAfgBAYgCAagCAbgCnd_qzgbAAgHSAiQ2MGVkYThkNC0zYWJmLTRmYzUtODZiZC1kZmYxZTJhYjg2YmLYAgHgAgE&ucfs=1&arphpl=1&checkin=2026-04-11&checkout=2026-04-12&group_adults=2&req_adults=2&no_rooms=1&group_children=0&req_children=0&hpos=5&hapos=5&sr_order=popularity&srpvid=e9d6904e157f00e2&srepoch=1775939489&all_sr_blocks=1606589601_431594584_7_0_0&highlighted_blocks=1606589601_431594584_7_0_0&matching_block_id=1606589601_431594584_7_0_0&sr_pri_blocks=1606589601_431594584_7_0_0__2376&from=searchresults,IsmailiaShow on map | 2 km from downtown
فندق أجياد Agyad Hotel,Scored 9.1 | 9.1 | Wonderful | 264 reviews,"EGP 1,794",Asyut,https://www.booking.com/hotel/eg/fndq-jyd-qsm-thn-sywt.html?aid=304142&label=gen173nr-10CAQoggJCDHNlYXJjaF9hc3l1dEgzWARoQ4gBAZgBM7gBF8gBDNgBA-gBAfgBAYgCAagCAbgCpt_qzgbAAgHSAiQxZDI4YmM4Yi0zYjg4LTQ2N2UtODk0Yy03Yzg3Mzg2Nzc1YjnYAgHgAgE&ucfs=1&arphpl=1&checkin=2026-04-11&checkout=2026-04-12&group_adults=2&req_adults=2&no_rooms=1&group_children=0&req_children=0&hpos=1&hapos=1&sr_order=popularity&srpvid=15c5905322fd07f2&srepoch=1775939498&all_sr_blocks=1114588801_392190556_2_42_0&highlighted_blocks=1114588801_392190556_2_42_0&matching_block_id=1114588801_392190556_2_42_0&sr_pri_blocks=1114588801_392190556_2_42_0__3380&from=searchresults,AsyutShow on map | 250 m from downtown
Grand Hotel - فندق جراند أوتيل,Scored 5.6 | 5.6 | Review score | 5 reviews,"EGP 1,911",Asyut,https://www.booking.com/hotel/eg/grand-fndq-jrnd-wtyl.html?aid=304142&label=gen173nr-10CAQoggJCDHNlYXJjaF9hc3l1dEgzWARoQ4gBAZgBM7gBF8gBDNgBA-gBAfgBAYgCAagCAbgCpt_qzgbAAgHSAiQxZDI4YmM4Yi0zYjg4LTQ2N2UtODk0Yy03Yzg3Mzg2Nzc1YjnYAgHgAgE&ucfs=1&arphpl=1&checkin=2026-04-11&checkout=2026-04-12&group_adults=2&req_adults=2&no_rooms=1&group_children=0&req_children=0&hpos=2&hapos=2&sr_order=popularity&srpvid=15c5905322fd07f2&srepoch=1775939498&all_sr_blocks=1508035701_422553178_2_1_0&highlighted_blocks=1508035701_422553178_2_1_0&matching_block_id=1508035701_422553178_2_1_0&sr_pri_blocks=1508035701_422553178_2_1_0__3600&from=searchresults,AsyutShow on map | 200 m from downtown
Hotel Royal Plaza,Scored 5.8 | 5.8 | Review score | 6 reviews,"EGP 3,185",Asyut,https://www.booking.com/hotel/eg/royal-plaza.html?aid=304142&label=gen173nr-10CAQoggJCDHNlYXJjaF9hc3l1dEgzWARoQ4gBAZgBM7gBF8gBDNgBA-gBAfgBAYgCAagCAbgCpt_qzgbAAgHSAiQxZDI4YmM4Yi0zYjg4LTQ2N2UtODk0Yy03Yzg3Mzg2Nzc1YjnYAgHgAgE&ucfs=1&arphpl=1&checkin=2026-04-11&checkout=2026-04-12&group_adults=2&req_adults=2&no_rooms=1&group_children=0&req_children=0&hpos=3&hapos=3&sr_order=popularity&srpvid=15c5905322fd07f2&srepoch=1775939498&all_sr_blocks=1168242001_389391642_2_1_0&highlighted_blocks=1168242001_389391642_2_1_0&matching_block_id=1168242001_389391642_2_1_0&sr_pri_blocks=1168242001_389391642_2_1_0__6000&from=searchresults,AsyutShow on map | 10.4 km from downtown
فندق نيو الحسين - New Alhussien Hotel,Scored 7.5 | 7.5 | Good | 13 reviews,"EGP 1,327",Asyut,https://www.booking.com/hotel/eg/new-alhussien.html?aid=304142&label=gen173nr-10CAQoggJCDHNlYXJjaF9hc3l1dEgzWARoQ4gBAZgBM7gBF8gBDNgBA-gBAfgBAYgCAagCAbgCpt_qzgbAAgHSAiQxZDI4YmM4Yi0zYjg4LTQ2N2UtODk0Yy03Yzg3Mzg2Nzc1YjnYAgHgAgE&ucfs=1&arphpl=1&checkin=2026-04-11&checkout=2026-04-12&group_adults=2&req_adults=2&no_rooms=1&group_children=0&req_children=0&hpos=4&hapos=4&sr_order=popularity&srpvid=15c5905322fd07f2&srepoch=1775939498&all_sr_blocks=1491454901_420798607_2_1_0&highlighted_blocks=1491454901_420798607_2_1_0&matching_block_id=1491454901_420798607_2_1_0&sr_pri_blocks=1491454901_420798607_2_1_0__2500&from=searchresults,AsyutShow on map | 0.5 km from downtown
فندق الحسين السياحي,Scored 6.5 | 6.5 | Review score | 20 reviews,"EGP 1,168",Asyut,https://www.booking.com/hotel/eg/fndq-lhsyn-lsyhy.html?aid=304142&label=gen173nr-10CAQoggJCDHNlYXJjaF9hc3l1dEgzWARoQ4gBAZgBM7gBF8gBDNgBA-gBAfgBAYgCAagCAbgCpt_qzgbAAgHSAiQxZDI4YmM4Yi0zYjg4LTQ2N2UtODk0Yy03Yzg3Mzg2Nzc1YjnYAgHgAgE&ucfs=1&arphpl=1&checkin=2026-04-11&checkout=2026-04-12&group_adults=2&req_adults=2&no_rooms=1&group_children=0&req_children=0&hpos=5&hapos=5&sr_order=popularity&srpvid=15c5905322fd07f2&srepoch=1775939498&all_sr_blocks=1428431401_414451296_2_1_0&highlighted_blocks=1428431401_414451296_2_1_0&matching_block_id=1428431401_414451296_2_1_0&sr_pri_blocks=1428431401_414451296_2_1_0__2200&from=searchresults,AsyutShow on map | 250 m from downtown
